{
    "DataLayerGroups": [
        {
            "name": "ETeam",
            "id": "eteam",
            "layers": [
                {
                    "reportType": "hospital",
                    "url": "http://sampleserver3.arcgisonline.com/ArcGIS/rest/services/Petroleum/KSPetro/MapServer/1",
                    "opacity": 100,
                    "refreshRate": 0,
                    "bbox": 0,
                    "id": "hospital",
                    "name": "hospital",
                    "state": 0,
					"geometryType": "esriGeometryPolygon",
					"ObjectId":""
                },
                {
                    "reportType": "housing_loss",
                    "url": "http://sampleserver3.arcgisonline.com/ArcGIS/rest/services/HomelandSecurity/operations/FeatureServer/0",
                    "opacity": 100,
                    "refreshRate": 0,
                    "bbox": 0,
                    "id": "housing_loss",
                    "name": "housing_loss",
                    "state": 0,
					"geometryType": "esriGeometryPoint",
					"ObjectId":"FID"
                },
                {
                    "reportType": "public_facility",
                    "url": "http://sampleserver3.arcgisonline.com/ArcGIS/rest/services/SanFrancisco/311Incidents/FeatureServer/0",
                    "opacity": 100,
                    "refreshRate": 0,
                    "bbox": 0,
                    "id": "public_facility",
                    "name": "public_facility",
                    "state": 0,
					"geometryType": "esriGeometryPoint",
					"ObjectId":"FID"
                },
                {
                    "reportType": "road_closure",
                    "url": "http://sampleserver3.arcgisonline.com/ArcGIS/rest/services/Fire/Sheep/FeatureServer/2",
                    "opacity": 100,
                    "refreshRate": 0,
                    "bbox": 0,
                    "id": "road_closure",
                    "name": "road_closure",
                    "state": 0,
					"geometryType": "esriGeometryPolygon",
					"ObjectId":""
                },
                {
                    "reportType": "tip_intel_boi",
                    "url": "http://sampleserver3.arcgisonline.com/ArcGIS/rest/services/Earthquakes/EarthquakesFromLastSevenDays/FeatureServer/0",
                    "opacity": 100,
                    "refreshRate": 0,
                    "bbox": 0,
                    "id": "tip_intel_boi",
                    "name": "tip_intel_boi",
                    "state": 0,
					"geometryType": "esriGeometryPoint",
					"ObjectId":""
                },
                {
                    "reportType": "tip_intel_psi",
                    "url": "http://sampleserver6.arcgisonline.com/arcgis/rest/services/Sync/SaveTheBaySync/FeatureServer/0",
                    "opacity": 100,
                    "refreshRate": 0,
                    "bbox": 0,
                    "id": "tip_intel_psi",
                    "name": "tip_intel_psi",
                    "state": 0,
					"geometryType": "esriGeometryPoint",
					"ObjectId":""
                },
                {
                    "reportType": "tip_intel_tsa",
                    "url": "http://sampleserver5.arcgisonline.com/arcgis/rest/services/Energy/HSEC/FeatureServer/0",
                    "opacity": 100,
                    "refreshRate": 0,
                    "bbox": 0,
                    "id": "tip_intel_tsa",
                    "name": "tip_intel_tsa",
                    "state": 0,
					"geometryType": "esriGeometryPoint",
					"ObjectId":""
                },
                {
                    "reportType": "utilities_outage",
                    "url": "http://sampleserver3.arcgisonline.com/ArcGIS/rest/services/Fire/Sheep/FeatureServer/0",
                    "opacity": 100,
                    "refreshRate": 0,
                    "bbox": 0,
                    "id": "utilities_outage",
                    "name": "utilities_outage",
                    "state": 0,
					"geometryType": "esriGeometryPoint",
					"ObjectId":"objectid"
                }
            ],
            "groups": [
                {
                    "name": "corporate_facility_damage",
                    "id": "corporate_facility_damage",
                    "layers": [
                        {
                            "reportType": "Region 2 ",
                            "url": "http://sampleserver3.arcgisonline.com/ArcGIS/rest/services/HomelandSecurity/operations/FeatureServer/0",
                            "opacity": 100,
                            "refreshRate": 0,
                            "bbox": 0,
                            "id": "Region 2 ",
                            "name": "Region 2 ",
                            "state": 0,
							"geometryType": "esriGeometryPoint",
							"ObjectId":"objectid"
                        },
                        {
                            "reportType": "Region 3 ",
                            "url": "http://sampleserver3.arcgisonline.com/ArcGIS/rest/services/HomelandSecurity/operations/FeatureServer/1",
                            "opacity": 100,
                            "refreshRate": 0,
                            "bbox": 0,
                            "id": "Region 3 ",
                            "name": "Region 3 ",
                            "state": 0,
							"geometryType": "esriGeometryPolyline",
							"ObjectId":"objectid"
                        }
                    ],
                    "groups": []
                },
                {
                    "name": "emergency_event",
                    "id": "emergency_event",
                    "layers": [
                        {
                            "reportType": "Bridge Damage/Collapse",
                            "url": "http://sampleserver3.arcgisonline.com/ArcGIS/rest/services/HomelandSecurity/operations/FeatureServer/2",
                            "opacity": 100,
                            "refreshRate": 0,
                            "bbox": 0,
                            "id": "Bridge Damage/Collapse",
                            "name": "Bridge Damage/Collapse",
                            "state": 0,
							"geometryType": "esriGeometryPolygon",
							"ObjectId":""
                        },
                        {
                            "reportType": "Sporting Event",
                            "url": "http://sampleserver1.arcgisonline.com/ArcGIS/rest/services/Petroleum/KGS_OilGasFields_Kansas/MapServer/0",
                            "opacity": 100,
                            "refreshRate": 0,
                            "bbox": 0,
                            "id": "Sporting Event",
                            "name": "Sporting Event",
                            "state": 0,
							"geometryType": "esriGeometryPolygon",
							"ObjectId":""
                        }
                    ],
                    "groups": []
                },
                {
                    "name": "incident",
                    "id": "incident",
                    "layers": [
                        {
                            "reportType": "Assassination/Attempt",
                            "url": "http://sampleserver5.arcgisonline.com/arcgis/rest/services/Energy/Infrastructure/FeatureServer/0",
                            "opacity": 100,
                            "refreshRate": 0,
                            "bbox": 0,
                            "id": "Assassination/Attempt",
                            "name": "Assassination/Attempt",
                            "state": 0,
							"geometryType": "esriGeometryPoint",
							"ObjectId":"objectid"
                        },
                        {
                            "reportType": "Building Collapse",
                            "url": "http://sampleserver5.arcgisonline.com/arcgis/rest/services/Energy/Infrastructure/FeatureServer/1",
                            "opacity": 100,
                            "refreshRate": 0,
                            "bbox": 0,
                            "id": "Building Collapse",
                            "name": "Building Collapse",
                            "state": 0,
							"geometryType": "esriGeometryPoint",
							"ObjectId":"objectid"
                        },
                        {
                            "reportType": "Fire",
                            "url": "http://sampleserver3.arcgisonline.com/ArcGIS/rest/services/Fire/Sheep/FeatureServer/1",
                            "opacity": 100,
                            "refreshRate": 0,
                            "bbox": 0,
                            "id": "Fire",
                            "name": "Fire",
                            "state": 0,
							"geometryType": "esriGeometryPolygon",
							"ObjectId":""
                        }
                    ],
                    "groups": []
                },
                {
                    "name": "planned_event",
                    "id": "planned_event",
                    "layers": [
                        {
                            "reportType": "Ceremony",
                            "url": "http://sampleserver1.arcgisonline.com/ArcGIS/rest/services/Louisville/LOJIC_PublicSafety_Louisville/MapServer/0",
                            "opacity": 100,
                            "refreshRate": 0,
                            "bbox": 0,
                            "id": "Ceremony",
                            "name": "Ceremony",
                            "state": 0,
							"geometryType": "esriGeometryPoint",
							"ObjectId":""
                        }
                    ],
                    "groups": []
                },
                {
                    "name": "site",
                    "id": "site",
                    "layers": [
                        {
                            "reportType": "Bank",
                            "url": "http://sampleserver1.arcgisonline.com/ArcGIS/rest/services/Louisville/LOJIC_PublicSafety_Louisville/MapServer/2",
                            "opacity": 100,
                            "refreshRate": 0,
                            "bbox": 0,
                            "id": "Bank",
                            "name": "Bank",
                            "state": 0,
                            "geometryType": "esriGeometryPoint",
                            "ObjectId":""
                        },
                        {
                            "reportType": "Military",
                            "url": "http://sampleserver1.arcgisonline.com/ArcGIS/rest/services/Louisville/LOJIC_PublicSafety_Louisville/MapServer/3",
                            "opacity": 100,
                            "refreshRate": 0,
                            "bbox": 0,
                            "id": "Military",
                            "name": "Military",
                            "state": 0,
                            "geometryType": "esriGeometryPoint",
                            "ObjectId":""
                        },
                        {
                            "reportType": "Office Building",
                            "url": "http://sampleserver1.arcgisonline.com/ArcGIS/rest/services/Louisville/LOJIC_PublicSafety_Louisville/MapServer/1",
                            "opacity": 100,
                            "refreshRate": 0,
                            "bbox": 0,
                            "id": "Office Building",
                            "name": "Office Building",
                            "state": 0,
                            "geometryType": "esriGeometryPoint",
                            "ObjectId":""
                        }
                    ],
                    "groups": []
                }
            ]
        }
    ]
}