{
    "type": "barchart",
    "id": "3",
    "data":[
        {"label":"A", "value":".08167"},
        {"label":"B", "value":".01492"},
        {"label":"C", "value":".02782"},
        {"label":"D", "value":".04253"},
        {"label":"E", "value":".12702"},
        {"label":"F", "value":".02288"},
        {"label":"G", "value":".02015"},
        {"label":"H", "value":".06094"},
        {"label":"I", "value":".06966"},
        {"label":"J", "value":".00153"},
        {"label":"K", "value":".00772"},
        {"label":"L", "value":".04025"},
        {"label":"M", "value":".02406"},
        {"label":"N", "value":".06749"},
        {"label":"O", "value":".07507"},
        {"label":"P", "value":".01929"},
        {"label":"Q", "value":".00095"},
        {"label":"R", "value":".05987"},
        {"label":"S", "value":".06327"},
        {"label":"T", "value":".09056"},
        {"label":"U", "value":".02758"},
        {"label":"V", "value":".00978"},
        {"label":"W", "value":".02360"},
        {"label":"X", "value":".00150"},
        {"label":"Y", "value":".01974"},
        {"label":"Z", "value":".00074"}
    ]
}
