{
  "generalSettings": {
    "basemaps": [
      {
        "url": "https://services.arcgisonline.com/arcgis/rest/services/World_Street_Map/MapServer",
        "name": "Esri Streets 102100",
        "id": "streets102100",
        "isCached": true
      },
      {
        "url": "https://services.arcgisonline.com/arcgis/rest/services/World_Topo_Map/MapServer",
        "name": "Esri Topo 102100",
        "id": "topo102100",
        "isCached": true
      },
      {
        "url": "https://services.arcgisonline.com/arcgis/rest/services/World_Imagery/MapServer",
        "name": "Esri Imagery 102100",
        "id": "imagery102100",
        "isDefault": false,
        "isCached": true
      },
      {
        "url": "https://services.arcgisonline.com/ArcGIS/rest/services/NatGeo_World_Map/MapServer",
        "name": "National Geographic",
        "id": "National Geographic",
        "isCached": true
      },
      {
        "url": "https://services.arcgisonline.com/ArcGIS/rest/services/Ocean_Basemap/MapServer",
        "name": "Ocean",
        "id": "Ocean",
        "isCached": true
      },
      {
        "url": "https://services.arcgisonline.com/ArcGIS/rest/services/World_Shaded_Relief/MapServer",
        "name": "World Shaded Relief",
        "id": "World Shaded Relief",
        "isCached": true
      },
      {
        "url": "https://services.arcgisonline.com/ArcGIS/rest/services/World_Physical_Map/MapServer",
        "name": "app/widgets/BasemapGallery/images/World_Physical_Map.jpg",
        "id": "World Physical Map",
        "isCached": true
      },
      {
        "url": "https://server.arcgisonline.com/ArcGIS/rest/services/World_Terrain_Base/MapServer",
        "name": "World Terrain Base",
        "id": "World Terrain Base",
        "isCached": true
      },
      {
        "url": "https://services.arcgisonline.com/ArcGIS/rest/services/Canvas/World_Light_Gray_Base/MapServer",
        "name": "World Light Gray",
        "id": "World Light Gray",
        "isCached": true
      },
      {
        "url": "https://services.arcgisonline.com/ArcGIS/rest/services/USA_Topo_Maps/MapServer",
        "name": "USA Topographic",
        "id": "USA Topographic",
        "isCached": true
      },
      {
        "url": "https://mapsurl.appspot.com/bing/#011DAusmkFkl8uFAAAA",
        "type": "BingMapsRoad",
        "name": "Bing-Road",
        "id": "Bing-Road"
      },
      {
        "url": "https://mapsurl.appspot.com/bing/#013DAusmkFkl8uFAAAA",
        "type": "BingMapsAerial",
        "name": "Bing-Aerial",
        "id": "Bing-Aerial"
      },
      {
        "url": "https://mapsurl.appspot.com/bing/#014DAusmkFkl8uFAAAA",
        "type": "BingMapsHybrid",
        "name": "app/widgets/BasemapGallery/images/bing_hybrid_map.jpg",
        "id": "Bing-Aerial with Labels",
        "isDefault": true

      }
    ],
    "defaultBookmarkExtent": "-178.09272375133622, -34.70168304183548, 159.40727624857374, 72.9338983051913",
    "maxMapExtent": "-265.99272375133622, -87.9338983051913, 340.99272375133622, 87.9338983051913",
    "bayAreaTestExtent": "-122.19629075145575,37.44948198206355,-121.86670090770622,37.51936105514708",
    "defaultBookmarkSr": "4326",
    "service": "Bing",
    "defaultMeasUnit": "english",
    "esriGeocodeServiceURL": "http://geocode.arcgis.com/arcgis/rest/services/World/GeocodeServer",
    "bingGeocodeServiceURL": "http://dev.virtualearth.net/REST/v1/Locations/",
    "bingAccessKey": "AhbeoOinKb6Xem0M7a6Fug0-60OggkzXRXVl-9nnwFK7rBAVrV1HiJXYoFO6oRXO",
    "printService": "http://sampleserver6.arcgisonline.com/arcgis/rest/services/Utilities/PrintingTools/GPServer/Export%20Web%20Map%20Task",
    "proxyPageURL": "nc4maps/proxy.ashx",
    "logLevel": "INFO",
    "geometryServiceURL": "http://tasks.arcgisonline.com/ArcGIS/rest/services/Geometry/GeometryServer",
    "popupStyle": CDN.root + "/nc4mapMainStyle/rcStylesLegacy.css",
    "defaultRefRate": "5",
    "cd": "67",
    "cdTightD": "92",
    "clThreshold": 100,
    "rd": [],
    "dlOpt": 0,
    "dlOptHaloLyrs": [
      "_nimc_",
      "_isa_"
    ],
    "onWidget": "DataLayers",
    "showTravelerInfoLyr": "travelersLoc",
    "acknowledgeProximityLyr": "_fac_",
    "omitLegendLayers": [
      "Advisories"
    ],
    "layerCount": 1,
    "customtitle": 1,
    "ct_attr_key": "severity"
  },
  "ApplicationName": "Situation Map Administration",
  "AppHeaderWidgets": [
    /*{
      "WidgetPath": "app/widgets/Print/Print",
      "label": "Print"
    },*/
    {
      "WidgetPath": "app/widgets/BasemapGallery/BasemapGallery",
      "label": "Basemap Gallery",
      "basemapGallery": {
        "showArcGISBasemaps": false,
        "basemaps": [
          {
            "layers": [
              {
                "url": "https://services.arcgisonline.com/ArcGIS/rest/services/World_Street_Map/MapServer"
              }
            ],
            "thumbnailUrl": "app/widgets/BasemapGallery/images/world_street_map.jpg",
            "title": "Streets"
          },
          {
            "layers": [
              {
                "url": "https://services.arcgisonline.com/ArcGIS/rest/services/World_Imagery/MapServer"
              }
            ],
            "thumbnailUrl": "app/widgets/BasemapGallery/images/imagery.jpg",
            "title": "Imagery"
          },
          {
            "layers": [
              {
                "url": "https://services.arcgisonline.com/ArcGIS/rest/services/NatGeo_World_Map/MapServer"
              }
            ],
            "title": "National Geographic",
            "thumbnailUrl": "app/widgets/BasemapGallery/images/natgeo.jpg"
          },
          {
            "layers": [
              {
                "url": "https://services.arcgisonline.com/ArcGIS/rest/services/World_Topo_Map/MapServer"
              }
            ],
            "thumbnailUrl": "app/widgets/BasemapGallery/images/topo_map_2.jpg",
            "title": "World Topographic"
          },
          {
            "layers": [
              {
                "url": "https://services.arcgisonline.com/ArcGIS/rest/services/Ocean_Basemap/MapServer"
              }
            ],
            "thumbnailUrl": "app/widgets/BasemapGallery/images/Ocean.jpg",
            "title": "Ocean"
          },
          {
            "layers": [
              {
                "url": "https://services.arcgisonline.com/ArcGIS/rest/services/World_Shaded_Relief/MapServer"
              }
            ],
            "thumbnailUrl": "app/widgets/BasemapGallery/images/World_Shaded_Relief.jpg",
            "title": "World Shaded Relief"
          },
          {
            "layers": [
              {
                "url": "https://services.arcgisonline.com/ArcGIS/rest/services/World_Physical_Map/MapServer"
              }
            ],
            "thumbnailUrl": "app/widgets/BasemapGallery/images/World_Physical_Map.jpg",
            "title": "World Physical Map"
          },
          {
            "layers": [
              {
                "url": "https://server.arcgisonline.com/ArcGIS/rest/services/World_Terrain_Base/MapServer"
              }
            ],
            "thumbnailUrl": "app/widgets/BasemapGallery/images/World_Terrain_Base.jpg",
            "title": "World Terrain Base"
          },
          {
            "layers": [
              {
                "url": "https://services.arcgisonline.com/ArcGIS/rest/services/Canvas/World_Light_Gray_Base/MapServer"
              },
              {
                "url": "https://services.arcgisonline.com/ArcGIS/rest/services/Canvas/World_Light_Gray_Reference/MapServer"
              }
            ],
            "thumbnailUrl": "app/widgets/BasemapGallery/images/World_Light_Gray.jpg",
            "title": "World Light Gray"
          },
          {
            "layers": [
              {
                "url": "https://services.arcgisonline.com/ArcGIS/rest/services/USA_Topo_Maps/MapServer"
              }
            ],
            "thumbnailUrl": "app/widgets/BasemapGallery/images/USA_Topo_Maps.jpg",
            "title": "USA Topographic"
          },
          {
            "layers": [
              {
                "url": "https://mapsurl.appspot.com/bing/#011DAusmkFkl8uFAAAA",
                "type": "BingMapsRoad"
              }
            ],
            "thumbnailUrl": "app/widgets/BasemapGallery/images/bing_road_map.jpg",
            "title": "Bing-Road"
          },
          {
            "layers": [
              {
                "url": "https://mapsurl.appspot.com/bing/#013DAusmkFkl8uFAAAA",
                "type": "BingMapsAerial"
              }
            ],
            "thumbnailUrl": "app/widgets/BasemapGallery/images/bing_arial_map.jpg",
            "title": "Bing-Aerial"
          },
          {
            "layers": [
              {
                "url": "https://mapsurl.appspot.com/bing/#014DAusmkFkl8uFAAAA",
                "type": "BingMapsHybrid"
              }
            ],
            "thumbnailUrl": "app/widgets/BasemapGallery/images/bing_hybrid_map.jpg",
            "title": "Bing-Aerial with Labels"
          }
        ],
        "bingMapsKey": "AhbeoOinKb6Xem0M7a6Fug0-60OggkzXRXVl-9nnwFK7rBAVrV1HiJXYoFO6oRXO"
      }
    },
    /*{
      "WidgetPath": "app/widgets/Bookmark/Bookmark",
      "bookmarkService": "endpoint/sample-bookmark.json",
      "deleteBookmarkService": "rest/bookmarks/customBookmarkRemove",
      "saveBookmarkServiceUrl": "rest/bookmarks/customBookmarkAdd",
      "label": "Bookmark"
    },*/
    {
      "WidgetPath": "app/widgets/DataLayers/DataLayers",
      //get datalayer data from local when isDebugMode is true
      "LayerTreeService": isDebugMode? "endpoint/sample-layers.json": "/nc4maps/rest/layertree?f=json&mode=standard_az",
      "CustomLayerTreeService": isDebugMode? "endpoint/demolayertree.json": "",
      "CustomLayerSaveService": "rest/services/customLayersAdd",
      "CustomLayerDeleteService": "rest/services/customLayerRemove",
      "CustomLayerUpdateService": "rest/services/customLayerUpdate",
      "BussinessLayerUpdateService": "rest/services/reportLayerUpdateById",
      "OverlayUpdateService": "rest/nc4mapsOverlay/update",
      "OverlayDeleteService": "rest/nc4mapsOverlay/delete",
      "OverlayURL": "",
      "label": "DataLayers"
    },
    /* it appears there's a bug with the widget rendering, the last item in this array would be ignored, so keep this to make sure the other 2 widgets rendered as expected */
    {
      "WidgetPath": "app/widgets/Measurement/Measurement",
      "label": "Measurement"
    } /*,
    {
      "WidgetPath": "app/widgets/Directions/Directions",
      "label": "Directions",
      "routeService": "route.arcgis.com",
      "trafficService": "traffic.arcgis.com"
    },
    {
      "WidgetPath": "app/widgets/AddLayer/AddLayer",
      "label": "Add Layer",
      "defaultOpacity": "100",
      "defaultRefRate": "10",
      "CustomLayerTreeLayerService": "rest/layertree/custom/datalayers",
      "CustomBasemapSaveService": "rest/services/customLayersAdd"
    },
    {
      "WidgetPath": "app/widgets/Legend/Legend",
      "label": "Legend"
    },
    {
      "WidgetPath": "app/widgets/Intersect/Intersect",
      "label": "Intersect",
      "exportToCSV": "rest/jsontocsv",
      "saveResults": "atlas/intersectLayersSave.jsp"
    },
    {
      "WidgetPath": "app/widgets/Draw/Draw",
      "createOverlayURL": "rest/nc4mapsOverlay/write",
      "responseOverlayURL": "rest/nc4mapsOverlay/read?id=",
      "createOverlayLabel": "Create Overlay Layer",
      "saveOverlayLabel": "Save Overlay",
      "saveOverlayPlaceHolder": "Overlay Layer Name",
      "overlayMessage": "Please use the below mentioned tools for drawing",
      "label": "Draw"
    },
    {
      "WidgetPath": "app/widgets/WidgetGallery/WidgetGallery",
      "label": "More"
    },
    {
      "WidgetPath": "app/widgets/DefaultOptions/DefaultOptions",
      "label": "Default Options",
      "MeasuringUnit": [ "English", "Metrics" ],
      "GeocoderType": [ "ArcGis World Geocode Service", "Bing Location Service", "Custom ArcGIS Location Service" ],
      "saveDefaultsOptions": "rest/default/save"
    }*/
  ],
  "FloatingWidgets": [
    {
      "WidgetPath": "app/widgets/Navigation/Navigation",
      "label": "Navigation",
      "top": "10px",
      "left": "15px"
    },
    {
      "WidgetPath": "app/widgets/ReverseGeocode/ReverseGeocode",
      "label": "ReverseGeocode",
      "top": "155px",
      "left": "15px"
    },
    {
      "WidgetPath": "app/widgets/MyLocation/MyLocation",
      "label": "MyLocation",
      "top": "190px",
      "left": "15px"
    },
    {
      "WidgetPath": "app/widgets/BookmarkRefresh/BookmarkRefresh",
      "label": "BookmarkRefresh",
      "top": "225px",
      "left": "15px"
    },
    {
      "WidgetPath": "app/widgets/ZoomHistory/ZoomHistory",
      "label": "ZoomHistory",
      "top": "260px",
      "left": "15px"
    },
    {
      "WidgetPath": "app/widgets/Help/Help",
      "helpContents": "app/widgets/Help/Help.html",
      "label": "Help",
      "top": "293px",
      "left": "15px"
    },
    {
      "WidgetPath": "app/widgets/AddressLocator/AddressLocator",
      "label": "AddressLocator"
    },
    {
      "WidgetPath": "app/widgets/Identify/Identify",
      "label": "Identify"
    },
    {
      "WidgetPath": "app/widgets/LockPopup/LockPopup",
      "label": "LockPopup"
    },
    {
      "WidgetPath": "app/widgets/StatusBar/StatusBar",
      "label": "StatusBar",
      "left": "15px"
    }

  ]
}
