{
  "MetaData": {
    "ResourcesUsed": 15
  },
  "Result": [
    {
      "longitude": -114,
      "latitude": 29,
      "airportCode": "BHL",
      "airportName": "Bahia De Los Angeles",
      "cityName": "Tijuana",
      "stateProvince": "",
      "countryName": "Mexico",
      "countryIso": "MEX",
      "lowercaseAirportName": null
    },
    {
      "longitude": -118,
      "latitude": 34,
      "airportCode": "JLX",
      "airportName": "Los Angeles Union Station H/P",
      "cityName": "Los Angeles",
      "stateProvince": "California",
      "countryName": "United States",
      "countryIso": "USA",
      "lowercaseAirportName": null
    },
    {
      "longitude": -72,
      "latitude": -37,
      "airportCode": "LSQ",
      "airportName": "Los Angeles M. Dolores",
      "cityName": "Los Angeles",
      "stateProvince": "",
      "countryName": "Chile",
      "countryIso": "CHL",
      "lowercaseAirportName": null
    },
    {
      "longitude": -118,
      "latitude": 34,
      "airportCode": "JBP",
      "airportName": "Los Angeles Commerce",
      "cityName": "Los Angeles",
      "stateProvince": "California",
      "countryName": "United States",
      "countryIso": "USA",
      "lowercaseAirportName": null
    },
    {
      "longitude": -118,
      "latitude": 34,
      "airportCode": "LAX",
      "airportName": "Los Angeles Intl",
      "cityName": "Los Angeles",
      "stateProvince": "CA",
      "countryName": "United States",
      "countryIso": "USA",
      "lowercaseAirportName": null
    },
    {
      "longitude": -118,
      "latitude": 34,
      "airportCode": "JSN",
      "airportName": "Los Angeles Sherman Oaks H/P",
      "cityName": "Sherman Oaks",
      "stateProvince": "California",
      "countryName": "United States",
      "countryIso": "USA",
      "lowercaseAirportName": null
    },
    {
      "longitude": -118,
      "latitude": 34,
      "airportCode": "VNY",
      "airportName": "Los Angeles Van Nuys",
      "cityName": "Los Angeles",
      "stateProvince": "California",
      "countryName": "United States",
      "countryIso": "USA",
      "lowercaseAirportName": null
    },
    {
      "longitude": -72,
      "latitude": 44,
      "airportCode": "LLX",
      "airportName": "Lyndonville",
      "cityName": "Los Angeles",
      "stateProvince": "Vermont",
      "countryName": "United States",
      "countryIso": "USA",
      "lowercaseAirportName": null
    },
    {
      "longitude": -118,
      "latitude": 34,
      "airportCode": "JWC",
      "airportName": "Los Angeles Warner Cntr Bus. Plaza",
      "cityName": "Los Angeles",
      "stateProvince": "California",
      "countryName": "United States",
      "countryIso": "USA",
      "lowercaseAirportName": null
    },
    {
      "longitude": -118,
      "latitude": 34,
      "airportCode": "CCD",
      "airportName": "Los Angeles Century City",
      "cityName": "Beverly Hills",
      "stateProvince": "California",
      "countryName": "United States",
      "countryIso": "USA",
      "lowercaseAirportName": null
    },
    {
      "longitude": -118,
      "latitude": 34,
      "airportCode": "JCX",
      "airportName": "Los Angeles Citicorp Plaza H/P",
      "cityName": "Los Angeles",
      "stateProvince": "California",
      "countryName": "United States",
      "countryIso": "USA",
      "lowercaseAirportName": null
    },
    {
      "longitude": -118,
      "latitude": 34,
      "airportCode": "JGX",
      "airportName": "Glendale",
      "cityName": "Los Angeles",
      "stateProvince": "California",
      "countryName": "United States",
      "countryIso": "USA",
      "lowercaseAirportName": null
    },
    {
      "longitude": -118,
      "latitude": 34,
      "airportCode": "JID",
      "airportName": "Los Angeles Industry",
      "cityName": "La Puente",
      "stateProvince": "California",
      "countryName": "United States",
      "countryIso": "USA",
      "lowercaseAirportName": null
    },
    {
      "longitude": -118,
      "latitude": 34,
      "airportCode": "JUC",
      "airportName": "Los Angeles Universal City H/P",
      "cityName": "Burbank",
      "stateProvince": "California",
      "countryName": "United States",
      "countryIso": "USA",
      "lowercaseAirportName": null
    },
    {
      "longitude": -118,
      "latitude": 34,
      "airportCode": "WHP",
      "airportName": "Los Angeles Whiteman",
      "cityName": "Pacoima",
      "stateProvince": "California",
      "countryName": "United States",
      "countryIso": "USA",
      "lowercaseAirportName": null
    }
  ]
}
