[
  {
    "name": "Advisory",
    "types": [
      "Boil Water Advisory",
      "Food Advisory",
      "Homeland Security Advisory",
      "Meteorological Advisory",
      "Planned Event",
      "Planned Protest",
      "Planned Strike",
      "Public Health Advisory",
      "Public Safety Advisory",
      "Terrorism Advisory",
      "Travel Advisory",
      "Weather Advisory"
    ]
  },
  {
    "name": "Aviation",
    "types": [
      "Air Travel Delay",
      "Aircraft Fire",
      "Aircraft Incident",
      "Airliner Crash",
      "Airport Closure",
      "Airspace Restriction",
      "Emergency Landing",
      "Helicopter Crash",
      "Plane Crash"
    ]
  },
  {
    "name": "Fire",
    "types": [
      "1 Alarm Fire",
      "2 Alarm Fire",
      "3 Alarm Fire",
      "4 Alarm Fire",
      "5 Alarm Fire",
      "6+ Alarm Fire",
      "Brush Fire",
      "Explosion",
      "High Rise Fire",
      "High-Rise Fire",
      "Industrial Fire",
      "Manhole Fire",
      "Structure Fire",
      "Vehicle Fire",
      "Wildfire"
    ]
  },
  {
    "name": "Geophysical",
    "types": [
      "Atmospheric/Space",
      "Avalanche",
      "Earthquake",
      "Evacuation",
      "Landslide",
      "Sinkhole",
      "Tsunami",
      "Tsunami Bulletin",
      "Volcano"
    ]
  },
  {
    "name": "Hazmat",
    "types": [
      "Biohazard",
      "Chemical Spill",
      "Explosive Materials",
      "Fuel Spill",
      "Fumes",
      "Hazmat Response",
      "Natural Gas Leak",
      "Oil Spill",
      "Radioactive Material",
      "Unknown Substance"
    ]
  },
  {
    "name": "Health",
    "types": [
      "Avian Influenza",
      "Disease Outbreak",
      "Public Health",
      "Quarantine"
    ]
  },
  {
    "name": "Infrastructure",
    "types": [
      "Fuel Disruption",
      "Network Outage",
      "Power Outage",
      "Rolling Blackout",
      "Sewage Problem",
      "Telecom Outage",
      "Water Main Break",
      "Water Outage"
    ]
  },
  {
    "name": "Labor",
    "types": [
      "Aviation Worker Strike",
      "Aviation Workers Strike",
      "Civil Service Strike",
      "General Strike",
      "Medical Services Strike",
      "Medical Workers Strike",
      "Mine Workers Strike",
      "Port Strike",
      "Production Stoppage",
      "Public Transportation Strike"
    ]
  },
  {
    "name": "Meteorological",
    "types": [
      "Blizzard",
      "Evacuation",
      "Flooding",
      "Hurricane",
      "Ice Storm",
      "Storm",
      "Tornado",
      "Tropical Cyclone",
      "Tropical Storm",
      "Typhoon"
    ]
  },
  {
    "name": "Security",
    "types": [
      "Armed Clash",
      "Bank Robbery",
      "Bomb Threat",
      "Civil Unrest",
      "Curfew",
      "Disturbance",
      "Explosion",
      "Explosive Device",
      "Hostage Situation",
      "Insurgent Attack",
      "Military Operation",
      "Planned Protest",
      "Police Activity",
      "Protest",
      "Rally",
      "Riot",
      "Robbery",
      "School Lockdown",
      "Suspicious Device",
      "Suspicious Package",
      "Violent Crime"
    ]
  },
  {
    "name": "Structural",
    "types": [
      "Bridge Collapse",
      "Building Collapse",
      "Dam Collapse",
      "Mine Incident",
      "Partial Collapse",
      "Structure Collapse",
      "Tunnel Collapse",
      "Unsafe Structure"
    ]
  },
  {
    "name": "Terrorism",
    "types": [
      "Bioterrorism",
      "Bio-Terrorism",
      "Bombing",
      "Chemical Terrorism",
      "Homeland Security Advisory",
      "Nuclear Device",
      "Radiological",
      "Terrorist Attack"
    ]
  },
  {
    "name": "Transportation",
    "types": [
      "Border Closure",
      "Maritime Incident",
      "Motor Vehicle Accident",
      "Port Closure",
      "Public Transportation Disruption",
      "Roadway Closure",
      "Train Accident",
      "Train Derailment"
    ]
  },
  {
    "name": "Other",
    "types": [
      "Emergency Response"
    ]
  }
]