[
    {
        "created_by": {
            "username":"Tom",
            "user_id": "1",
            "image": {"url": "assets/img/portrait.png"}
        },
        "article_id":"1",
        "created_at":"15 min ago",
        "text": "This is sample text for display in template development."
    },
    {
        "created_by": {
            "username":"Mary",
            "user_id": "2",
             "image": {"url": "assets/img/portrait.png"}
        },
        "article_id":"2",
        "created_at":"10 min ago",
        "text": "This is sample text for display in template development."
    },
    {
        "created_by": {
            "username":"Joe",
            "user_id": "3",
             "image": {"url": "assets/img/portrait.png"}
        },
        "article_id":"1",
        "created_at":"5 min ago",
        "text": "This is sample text for display in template development."
    },
    {
        "created_by": {
            "username":"Joe",
            "user_id": "3",
             "image": {"url": "assets/img/portrait.png"}
        },
        "article_id":"3",
        "created_at":"5 min ago",
        "text": "This is sample text for display in template development."
    },
    {
        "created_by": {
            "username":"Joe",
            "user_id": "3",
             "image": {"url": "assets/img/portrait.png"}
        },
        "article_id":"4",
        "created_at":"5 min ago",
        "text": "This is sample text for display in template development."
    }
]
