[
  {
    "eventCode": "Infrastructure",
    "severity": "Minor",
    "icon": "infrastructure-green.svg"
  },
  {
    "eventCode": "Infrastructure",
    "severity": "Moderate",
    "icon": "infrastructure-yellow.svg"
  },
  {
    "eventCode": "Infrastructure",
    "severity": "Severe",
    "icon": "infrastructure-orange.svg"
  },
  {
    "eventCode": "Infrastructure",
    "severity": "Extreme",
    "icon": "infrastructure-red.svg"
  },
  {
    "eventCode": "Infrastructure",
    "severity": "Unknown",
    "icon": "infrastructure-gray.svg"
  },
  {
    "eventCode": "Security",
    "severity": "Minor",
    "icon": "security-green.svg"
  },
  {
    "eventCode": "Security",
    "severity": "Moderate",
    "icon": "security-yellow.svg"
  },
  {
    "eventCode": "Security",
    "severity": "Severe",
    "icon": "security-orange.svg"
  },
  {
    "eventCode": "Security",
    "severity": "Extreme",
    "icon": "security-red.svg"
  },
  {
    "eventCode": "Security",
    "severity": "Unknown",
    "icon": "security-gray.svg"
  },
  {
    "eventCode": "Fire",
    "severity": "Minor",
    "icon": "fire-green.svg"
  },
  {
    "eventCode": "Fire",
    "severity": "Moderate",
    "icon": "fire-yellow.svg"
  },
  {
    "eventCode": "Fire",
    "severity": "Severe",
    "icon": "fire-orange.svg"
  },
  {
    "eventCode": "Fire",
    "severity": "Extreme",
    "icon": "fire-red.svg"
  },
  {
    "eventCode": "Fire",
    "severity": "Unknown",
    "icon": "fire-gray.svg"
  },
  {
    "eventCode": "Geophysical",
    "severity": "Minor",
    "icon": "geophysical-green.svg"
  },
  {
    "eventCode": "Geophysical",
    "severity": "Moderate",
    "icon": "geophysical-yellow.svg"
  },
  {
    "eventCode": "Geophysical",
    "severity": "Severe",
    "icon": "geophysical-orange.svg"
  },
  {
    "eventCode": "Geophysical",
    "severity": "Extreme",
    "icon": "geophysical-red.svg"
  },
  {
    "eventCode": "Geophysical",
    "severity": "Unknown",
    "icon": "geophysical-gray.svg"
  },
  {
    "eventCode": "Meteorological",
    "severity": "Minor",
    "icon": "meteorological-green.svg"
  },
  {
    "eventCode": "Meteorological",
    "severity": "Moderate",
    "icon": "meteorological-yellow.svg"
  },
  {
    "eventCode": "Meteorological",
    "severity": "Severe",
    "icon": "meteorological-orange.svg"
  },
  {
    "eventCode": "Meteorological",
    "severity": "Extreme",
    "icon": "meteorological-red.svg"
  },
  {
    "eventCode": "Meteorological",
    "severity": "Unknown",
    "icon": "meteorological-gray.svg"
  },
  {
    "eventCode": "Transportation",
    "severity": "Minor",
    "icon": "transportation-green.svg"
  },
  {
    "eventCode": "Transportation",
    "severity": "Moderate",
    "icon": "transportation-yellow.svg"
  },
  {
    "eventCode": "Transportation",
    "severity": "Severe",
    "icon": "transportation-orange.svg"
  },
  {
    "eventCode": "Transportation",
    "severity": "Extreme",
    "icon": "transportation-red.svg"
  },
  {
    "eventCode": "Transportation",
    "severity": "Unknown",
    "icon": "transportation-gray.svg"
  },
  {
    "eventCode": "Labor",
    "severity": "Minor",
    "icon": "labor-green.svg"
  },
  {
    "eventCode": "Labor",
    "severity": "Moderate",
    "icon": "labor-yellow.svg"
  },
  {
    "eventCode": "Labor",
    "severity": "Severe",
    "icon": "labor-orange.svg"
  },
  {
    "eventCode": "Labor",
    "severity": "Extreme",
    "icon": "labor-red.svg"
  },
  {
    "eventCode": "Labor",
    "severity": "Unknown",
    "icon": "labor-gray.svg"
  },
  {
    "eventCode": "Hazmat",
    "severity": "Minor",
    "icon": "hazmat-green.svg"
  },
  {
    "eventCode": "Hazmat",
    "severity": "Moderate",
    "icon": "hazmat-yellow.svg"
  },
  {
    "eventCode": "Hazmat",
    "severity": "Severe",
    "icon": "hazmat-orange.svg"
  },
  {
    "eventCode": "Hazmat",
    "severity": "Extreme",
    "icon": "hazmat-red.svg"
  },
  {
    "eventCode": "Hazmat",
    "severity": "Unknown",
    "icon": "hazmat-gray.svg"
  },
  {
    "eventCode": "Advisory",
    "severity": "Minor",
    "icon": "advisory-green.svg"
  },
  {
    "eventCode": "Advisory",
    "severity": "Moderate",
    "icon": "advisory-yellow.svg"
  },
  {
    "eventCode": "Advisory",
    "severity": "Severe",
    "icon": "advisory-orange.svg"
  },
  {
    "eventCode": "Advisory",
    "severity": "Extreme",
    "icon": "advisory-red.svg"
  },
  {
    "eventCode": "Advisory",
    "severity": "Unknown",
    "icon": "advisory-gray.svg"
  },
  {
    "eventCode": "Health",
    "severity": "Minor",
    "icon": "health-green.svg"
  },
  {
    "eventCode": "Health",
    "severity": "Moderate",
    "icon": "health-yellow.svg"
  },
  {
    "eventCode": "Health",
    "severity": "Severe",
    "icon": "health-orange.svg"
  },
  {
    "eventCode": "Health",
    "severity": "Extreme",
    "icon": "health-red.svg"
  },
  {
    "eventCode": "Health",
    "severity": "Unknown",
    "icon": "health-gray.svg"
  },
  {
    "eventCode": "Aviation",
    "severity": "Minor",
    "icon": "aviation-green.svg"
  },
  {
    "eventCode": "Aviation",
    "severity": "Moderate",
    "icon": "aviation-yellow.svg"
  },
  {
    "eventCode": "Aviation",
    "severity": "Severe",
    "icon": "aviation-orange.svg"
  },
  {
    "eventCode": "Aviation",
    "severity": "Extreme",
    "icon": "aviation-red.svg"
  },
  {
    "eventCode": "Aviation",
    "severity": "Unknown",
    "icon": "aviation-gray.svg"
  },
  {
    "eventCode": "Blank",
    "severity": "Minor",
    "icon": "blank-green.svg"
  },
  {
    "eventCode": "Blank",
    "severity": "Moderate",
    "icon": "blank-yellow.svg"
  },
  {
    "eventCode": "Blank",
    "severity": "Severe",
    "icon": "blank-orange.svg"
  },
  {
    "eventCode": "Blank",
    "severity": "Extreme",
    "icon": "blank-red.svg"
  },
  {
    "eventCode": "Blank",
    "severity": "Unknown",
    "icon": "blank-gray.svg"
  },
  {
    "eventCode": "Structural",
    "severity": "Minor",
    "icon": "structural-green.svg"
  },
  {
    "eventCode": "Structural",
    "severity": "Moderate",
    "icon": "structural-yellow.svg"
  },
  {
    "eventCode": "Structural",
    "severity": "Severe",
    "icon": "structural-orange.svg"
  },
  {
    "eventCode": "Structural",
    "severity": "Extreme",
    "icon": "structural-red.svg"
  },
  {
    "eventCode": "Structural",
    "severity": "Unknown",
    "icon": "structural-gray.svg"
  },
  {
    "eventCode": "Terrorism",
    "severity": "Minor",
    "icon": "terrorism-green.svg"
  },
  {
    "eventCode": "Terrorism",
    "severity": "Moderate",
    "icon": "terrorism-yellow.svg"
  },
  {
    "eventCode": "Terrorism",
    "severity": "Severe",
    "icon": "terrorism-orange.svg"
  },
  {
    "eventCode": "Terrorism",
    "severity": "Extreme",
    "icon": "terrorism-red.svg"
  },
  {
    "eventCode": "Terrorism",
    "severity": "Unknown",
    "icon": "terrorism-gray.svg"
  }  
]