{
  "spatialReference": { "wkid": 102100 },
  "nativeSR": { "wkid": 4326 },
  "features": [
    {
      "type": "building",
      "count": 0,
      "attributes": {
        "currentstatus": "Normal",
        "facilityid": "FB03D6A6C01EEC1C1D5670AE62733F06",
        "c": "1",
        "popPath": "app/nc4modules/RC/popupTemplates/all",
        "lid": "location",
        "latitude": "33.91742",
        "clusterpriority": "240",
        "clusterTitle": "NC4 - El Segundo",
        "objtype": "impacted",
        "type": "building",
        "stateprovince": "CA",
        "facilityname": "NC4 - El Segundo",
        "sid": "location",
        "lastupdateddate": "1488317658182",
        "iconType": "diamond",
        "clusteredNames": "NC4 - El Segundo",
        "updateddate": "4 months ago",
        "facilitytype": "building",
        "longitude": "-118.3949",
        "clusteredIds": "FB03D6A6C01EEC1C1D5670AE62733F06"
      },
      "geometry": {
        "x": -1.3179659980520545E7,
        "y": 4017718.932329917,
        "SpatialReference": { "wkid": 102100 }
      },
      "id": "FB03D6A6C01EEC1C1D5670AE62733F06"
    },
    {
      "type": "building",
      "count": 0,
      "attributes": {
        "currentstatus": "Normal",
        "facilityid": "F30398FEDEFCCA3D3C8A84F365B03CBF",
        "c": "1",
        "popPath": "app/nc4modules/RC/popupTemplates/all",
        "lid": "location",
        "latitude": "38",
        "clusterpriority": "40",
        "clusterTitle": "test",
        "objtype": "null",
        "type": "building",
        "stateprovince": "",
        "facilityname": "test",
        "sid": "location",
        "lastupdateddate": "1495743068705",
        "iconType": "diamond",
        "clusteredNames": "test",
        "updateddate": "1 month ago",
        "facilitytype": "building",
        "longitude": "-97",
        "clusteredIds": "F30398FEDEFCCA3D3C8A84F365B03CBF"
      },
      "geometry": {
        "x": -1.0797990606947536E7,
        "y": 4579425.812870097,
        "SpatialReference": { "wkid": 102100 }
      },
      "id": "F30398FEDEFCCA3D3C8A84F365B03CBF"
    },
    {
      "type": "building",
      "count": 0,
      "attributes": {
        "currentstatus": "Minor",
        "facilityid": "EB3CD4B03EF66F9E2E461B760680058C",
        "c": "1",
        "popPath": "app/nc4modules/RC/popupTemplates/all",
        "lid": "location",
        "latitude": "33.65656",
        "clusterpriority": "60",
        "clusterTitle": "Dukes Huntington Beach",
        "objtype": "null",
        "type": "building",
        "stateprovince": "CA",
        "facilityname": "Dukes Huntington Beach",
        "sid": "location",
        "lastupdateddate": "1498082218263",
        "iconType": "diamond",
        "clusteredNames": "Dukes Huntington Beach",
        "updateddate": "12 days ago",
        "facilitytype": "building",
        "longitude": "-118.00138",
        "clusteredIds": "EB3CD4B03EF66F9E2E461B760680058C"
      },
      "geometry": {
        "x": -1.3135853534503575E7,
        "y": 3982779.1250862353,
        "SpatialReference": { "wkid": 102100 }
      },
      "id": "EB3CD4B03EF66F9E2E461B760680058C"
    },
    {
      "type": "building",
      "count": 0,
      "attributes": {
        "currentstatus": "Normal",
        "facilityid": "D56DFFEE7220F004604C70357ED311CD",
        "c": "1",
        "popPath": "app/nc4modules/RC/popupTemplates/all",
        "lid": "location",
        "latitude": "39.42066",
        "clusterpriority": "40",
        "clusterTitle": "Frederick HQ",
        "objtype": "null",
        "type": "building",
        "stateprovince": "MD",
        "facilityname": "Frederick HQ",
        "sid": "location",
        "lastupdateddate": "1495729747361",
        "iconType": "diamond",
        "clusteredNames": "Frederick HQ",
        "updateddate": "1 month ago",
        "facilitytype": "building",
        "longitude": "-77.41187",
        "clusteredIds": "D56DFFEE7220F004604C70357ED311CD"
      },
      "geometry": {
        "x": -8617449.94975509,
        "y": 4782107.888167876,
        "SpatialReference": { "wkid": 102100 }
      },
      "id": "D56DFFEE7220F004604C70357ED311CD"
    },
    {
      "type": "building",
      "count": 0,
      "attributes": {
        "currentstatus": "Normal",
        "facilityid": "CC6806BBEECC1BB26C2CE616892E1D7F",
        "c": "1",
        "popPath": "app/nc4modules/RC/popupTemplates/all",
        "lid": "location",
        "latitude": "38.89793",
        "clusterpriority": "240",
        "clusterTitle": "White House",
        "objtype": "impacted",
        "type": "building",
        "stateprovince": "DC",
        "facilityname": "White House",
        "sid": "location",
        "lastupdateddate": "1488498187970",
        "iconType": "diamond",
        "clusteredNames": "White House",
        "updateddate": "4 months ago",
        "facilitytype": "building",
        "longitude": "-77.03643",
        "clusteredIds": "CC6806BBEECC1BB26C2CE616892E1D7F"
      },
      "geometry": {
        "x": -8575656.160131663,
        "y": 4707061.44887192,
        "SpatialReference": { "wkid": 102100 }
      },
      "id": "CC6806BBEECC1BB26C2CE616892E1D7F"
    },
    {
      "type": "multi-use location",
      "count": 0,
      "attributes": {
        "currentstatus": "Moderate",
        "facilityid": "96A3BB9D994F8314BF5578FB8B2EED6E",
        "c": "1",
        "popPath": "app/nc4modules/RC/popupTemplates/all",
        "lid": "location",
        "latitude": "47.68782",
        "clusterpriority": "270",
        "clusterTitle": "Canviz Consulting",
        "objtype": "impacted",
        "type": "multi-use location",
        "stateprovince": "WA",
        "facilityname": "Canviz Consulting",
        "sid": "location",
        "lastupdateddate": "1490024370498",
        "iconType": "square",
        "clusteredNames": "Canviz Consulting",
        "updateddate": "3 months ago",
        "facilitytype": "multi-use location",
        "longitude": "-122.20948",
        "clusteredIds": "96A3BB9D994F8314BF5578FB8B2EED6E"
      },
      "geometry": {
        "x": -1.3604297083710752E7,
        "y": 6055075.457924712,
        "SpatialReference": { "wkid": 102100 }
      },
      "id": "96A3BB9D994F8314BF5578FB8B2EED6E"
    },
    {
      "type": "building",
      "count": 0,
      "attributes": {
        "currentstatus": "Normal",
        "facilityid": "905777A7ED4B66BAEDC80ACD02554F58",
        "c": "1",
        "popPath": "app/nc4modules/RC/popupTemplates/all",
        "lid": "location",
        "latitude": "51.04532",
        "clusterpriority": "40",
        "clusterTitle": "S&O",
        "objtype": "null",
        "type": "building",
        "stateprovince": "AB",
        "facilityname": "S&O",
        "sid": "location",
        "lastupdateddate": "1498611696072",
        "iconType": "diamond",
        "clusteredNames": "S&O",
        "updateddate": "6 days ago",
        "facilitytype": "building",
        "longitude": "-114.06301",
        "clusteredIds": "905777A7ED4B66BAEDC80ACD02554F58"
      },
      "geometry": {
        "x": -1.2697436191548072E7,
        "y": 6629314.224636359,
        "SpatialReference": { "wkid": 102100 }
      },
      "id": "905777A7ED4B66BAEDC80ACD02554F58"
    },
    {
      "type": "building",
      "count": 0,
      "attributes": {
        "currentstatus": "Normal",
        "facilityid": "6137246C415085D7BC71022097029D31",
        "c": "1",
        "popPath": "app/nc4modules/RC/popupTemplates/all",
        "lid": "location",
        "latitude": "34.14852",
        "clusterpriority": "240",
        "clusterTitle": "Everbridge Headquarters",
        "objtype": "impacted",
        "type": "building",
        "stateprovince": "CA",
        "facilityname": "Everbridge Headquarters",
        "sid": "location",
        "lastupdateddate": "1492707342442",
        "iconType": "diamond",
        "clusteredNames": "Everbridge Headquarters",
        "updateddate": "2 months ago",
        "facilitytype": "building",
        "longitude": "-118.13316",
        "clusteredIds": "6137246C415085D7BC71022097029D31"
      },
      "geometry": {
        "x": -1.3150523217000315E7,
        "y": 4048762.110383314,
        "SpatialReference": { "wkid": 102100 }
      },
      "id": "6137246C415085D7BC71022097029D31"
    },
    {
      "type": "multi-use location",
      "count": 0,
      "attributes": {
        "currentstatus": "Moderate",
        "facilityid": "006C7CBDC98E8837F6CC9C12ED27CF27",
        "c": "1",
        "popPath": "app/nc4modules/RC/popupTemplates/all",
        "lid": "location",
        "latitude": "33.65525",
        "clusterpriority": "70",
        "clusterTitle": "Pacific City",
        "objtype": "null",
        "type": "multi-use location",
        "stateprovince": "CA",
        "facilityname": "Pacific City",
        "sid": "location",
        "lastupdateddate": "1498082100608",
        "iconType": "square",
        "clusteredNames": "Pacific City",
        "updateddate": "12 days ago",
        "facilitytype": "multi-use location",
        "longitude": "-117.99913",
        "clusteredIds": "006C7CBDC98E8837F6CC9C12ED27CF27"
      },
      "geometry": {
        "x": -1.3135603065649292E7,
        "y": 3982603.930610406,
        "SpatialReference": { "wkid": 102100 }
      },
      "id": "006C7CBDC98E8837F6CC9C12ED27CF27"
    }
  ],
  "objectIdFieldName": "facilityid",
  "_geometryServiceUrl": "http://tasks.arcgisonline.com/ArcGIS/rest/services/Geometry/GeometryServer",
  "layerSize": 9,
  "ts": 1499145785761,
  "gIds": "EB3CD4B03EF66F9E2E461B760680058C,FB03D6A6C01EEC1C1D5670AE62733F06,F30398FEDEFCCA3D3C8A84F365B03CBF,CC6806BBEECC1BB26C2CE616892E1D7F,96A3BB9D994F8314BF5578FB8B2EED6E,905777A7ED4B66BAEDC80ACD02554F58,6137246C415085D7BC71022097029D31,D56DFFEE7220F004604C70357ED311CD,006C7CBDC98E8837F6CC9C12ED27CF27",
  "geometryType": "esriGeometryPoint",
  "fields": [
    {
      "name": "currentstatus",
      "type": "esriFieldTypeString",
      "alias": "Current Status",
      "length": 100,
      "isRequired": true
    },
    {
      "name": "updateddate",
      "type": "esriFieldTypeString",
      "alias": "Updated Date",
      "length": 100,
      "isRequired": true
    },
    {
      "name": "facilitytype",
      "type": "esriFieldTypeString",
      "alias": "Facility Type",
      "length": 100,
      "isRequired": true
    },
    {
      "name": "city",
      "type": "esriFieldTypeString",
      "alias": "City",
      "length": 100,
      "isRequired": false
    },
    {
      "name": "description",
      "type": "esriFieldTypeString",
      "alias": "Description",
      "length": 100,
      "isRequired": false
    },
    {
      "name": "latitude",
      "type": "esriFieldTypeString",
      "alias": "Latitude",
      "length": 100,
      "isRequired": true
    },
    {
      "name": "longitude",
      "type": "esriFieldTypeString",
      "alias": "Longitude",
      "length": 100,
      "isRequired": true
    },
    {
      "name": "country",
      "type": "esriFieldTypeString",
      "alias": "Country",
      "length": 100,
      "isRequired": false
    },
    {
      "name": "contactemail",
      "type": "esriFieldTypeString",
      "alias": "Contact Email",
      "length": 100,
      "isRequired": false
    },
    {
      "name": "stateprovince",
      "type": "esriFieldTypeString",
      "alias": "State/Province",
      "length": 100,
      "isRequired": true
    },
    {
      "name": "street",
      "type": "esriFieldTypeString",
      "alias": "Street",
      "length": 100,
      "isRequired": false
    },
    {
      "name": "postal",
      "type": "esriFieldTypeString",
      "alias": "Postal",
      "length": 100,
      "isRequired": false
    },
    {
      "name": "facilityname",
      "type": "esriFieldTypeString",
      "alias": "Facility Name",
      "length": 100,
      "isRequired": true
    },
    {
      "name": "facilityid",
      "type": "esriFieldTypeOID",
      "alias": "Facility ID",
      "length": 100,
      "isRequired": true
    },
    {
      "name": "district",
      "type": "esriFieldTypeString",
      "alias": "District",
      "length": 100,
      "isRequired": false
    }
  ],
  "objectIdField": "facilityid"
}