{
  "spatialReference": { "wkid": 102100 },
  "nativeSR": { "wkid": 4326 },
  "features": [
    {
      "attributes": {
        "country": "United States",
        "city": "Brooklyn",
        "dateoccurred": "1 year ago",
        "latitude": "40.68268",
        "channel": "NIMC",
        "description": "Demonstrators reportedly plan to gather for a \"Black Lives Matter\" protest near the Barclays Center, in the area of Atlantic Ave and Flatbush Ave, at 12:00 PM local time on Sunday, August 9. Protesters are staging the action to commemorate the anniversary of the death of Michael Brown in an officer-involved shooting. More than 100 people plan to attend the action at this time.",
        "clusterTitle": "Advisory:Planned Protest",
        "type": "moderate",
        "inctype": "Planned Protest",
        "nc4editable": "1",
        "incactivityid": "1437080066065",
        "incidentid": "B401E2E863E71D0ED839B67CBAE0721B",
        "key": "B401E2E863E71D0ED839B67CBAE0721B",
        "longitude": "-73.9754",
        "severity": "Moderate",
        "clusterpriority": "53",
        "infosource": "Other Government",
        "objtype": "null",
        "stateprovince": " NY",
        "gist": "Atlantic Ave & Flatbush Ave - A \"Black Lives Matter\" protest is planned at noon on August 9.",
        "drillDownText": "View Details",
        "updateddate": "1 year ago",
        "_category": "advisory",
        "category": "Advisory",
        "objtypeO": "null"
      },
      "geometry": {
        "x": -8234903.859228729,
        "y": 4965649.105119572,
        "SpatialReference": { "wkid": 102100 }
      },
      "id": "1437080066065"
    },
    {
      "attributes": {
        "country": "United States",
        "city": "El Segundo",
        "dateoccurred": "2 years ago",
        "latitude": "33.9174",
        "channel": "NIMC",
        "description": "this is a test. - update to Extreme",
        "clusterTitle": "Advisory:Planned Event",
        "type": "unknown",
        "inctype": "Planned Event",
        "nc4editable": "1",
        "incactivityid": "1443543443291",
        "incidentid": "4704F0B7DFAD2E6E288BE22919B78876",
        "key": "4704F0B7DFAD2E6E288BE22919B78876",
        "longitude": "-118.3949",
        "severity": "Unknown",
        "clusterpriority": "51",
        "infosource": "Unconfirmed",
        "objtype": "null",
        "stateprovince": " CA",
        "gist": "this is a test - update to Extreme",
        "drillDownText": "View Details",
        "updateddate": "1 year ago",
        "_category": "advisory",
        "category": "Advisory",
        "objtypeO": "null"
      },
      "geometry": {
        "x": -1.3179659980520545E7,
        "y": 4017716.2494243137,
        "SpatialReference": { "wkid": 102100 }
      },
      "id": "1443543443291"
    },
    {
      "attributes": {
        "country": "United States",
        "city": "Suwanee",
        "dateoccurred": "1 year ago",
        "latitude": "34.04115",
        "channel": "NIMC",
        "clusterTitle": "Advisory:Food Advisory",
        "type": "severe",
        "inctype": "Food Advisory",
        "nc4editable": "1",
        "incactivityid": "1456168312614",
        "incidentid": "53D3CCBE0B3BBCD44E09BCD72507AE4B",
        "key": "53D3CCBE0B3BBCD44E09BCD72507AE4B",
        "longitude": "-84.07063",
        "severity": "Severe",
        "clusterpriority": "54",
        "infosource": "Other Government",
        "objtype": "null",
        "stateprovince": " GA",
        "gist": "This is an advisory test.",
        "drillDownText": "View Details",
        "updateddate": "1 year ago",
        "_category": "advisory",
        "category": "Advisory",
        "objtypeO": "null"
      },
      "geometry": {
        "x": -9358699.722269708,
        "y": 4034328.805013107,
        "SpatialReference": { "wkid": 102100 }
      },
      "id": "1456168312614"
    },
    {
      "attributes": {
        "country": "United States",
        "city": "Norwalk",
        "dateoccurred": "9 months ago",
        "latitude": "33.88057",
        "channel": "NIMC",
        "description": "Boiling water is very hot",
        "clusterTitle": "Advisory:Boil Water Advisory",
        "type": "moderate",
        "inctype": "Boil Water Advisory",
        "nc4editable": "1",
        "incactivityid": "1475801545362",
        "incidentid": "2105FC0EDE8CF5BCD0169B4C4F0932F6",
        "key": "2105FC0EDE8CF5BCD0169B4C4F0932F6",
        "longitude": "-118.09018",
        "severity": "Moderate",
        "clusterpriority": "53",
        "objtype": "null",
        "stateprovince": " CA",
        "gist": "Boiling Water in Norwalk",
        "drillDownText": "View Details",
        "updateddate": "9 months ago",
        "_category": "advisory",
        "category": "Advisory",
        "objtypeO": "null"
      },
      "geometry": {
        "x": -1.3145738705286019E7,
        "y": 4012776.746419695,
        "SpatialReference": { "wkid": 102100 }
      },
      "id": "1475801545362"
    },
    {
      "attributes": {
        "country": "United States",
        "city": "Los Angeles",
        "dateoccurred": "3 months ago",
        "latitude": "33.94415",
        "channel": "NIMC",
        "description": "my update",
        "clusterTitle": "Advisory:Food Advisory",
        "type": "moderate",
        "inctype": "Food Advisory",
        "nc4editable": "1",
        "incactivityid": "1489786213471",
        "incidentid": "5E7AF812601B7075687336FD756C7C19",
        "key": "5E7AF812601B7075687336FD756C7C19",
        "longitude": "-118.39761",
        "severity": "Moderate",
        "clusterpriority": "53",
        "objtype": "null",
        "stateprovince": " CA",
        "gist": "test2343",
        "drillDownText": "View Details",
        "updateddate": "3 months ago",
        "_category": "advisory",
        "category": "Advisory",
        "objtypeO": "null"
      },
      "geometry": {
        "x": -1.3179961656340595E7,
        "y": 4021305.198752932,
        "SpatialReference": { "wkid": 102100 }
      },
      "id": "1489786213471"
    }
  ],
  "objectIdFieldName": "incidentid",
  "_geometryServiceUrl": "http://tasks.arcgisonline.com/ArcGIS/rest/services/Geometry/GeometryServer",
  "layerSize": 5,
  "ts": 0,
  "geometryType": "esriGeometryPoint",
  "fields": [
    {
      "name": "incactivityid",
      "type": "esriFieldTypeOID",
      "alias": "Incident Activity ID",
      "length": 100,
      "isRequired": true
    },
    {
      "name": "channel",
      "type": "esriFieldTypeString",
      "alias": "Channel",
      "length": 100,
      "isRequired": true
    },
    {
      "name": "sensitivity",
      "type": "esriFieldTypeString",
      "alias": "Sensitivty",
      "length": 100,
      "isRequired": true
    },
    {
      "name": "category",
      "type": "esriFieldTypeString",
      "alias": "Category",
      "length": 100,
      "isRequired": true
    },
    {
      "name": "city",
      "type": "esriFieldTypeString",
      "alias": "City",
      "length": 100,
      "isRequired": true
    },
    {
      "name": "updateddate",
      "type": "esriFieldTypeString",
      "alias": "Updated Date",
      "length": 100,
      "isRequired": true
    },
    {
      "name": "inctype",
      "type": "esriFieldTypeString",
      "alias": "Type",
      "length": 100,
      "isRequired": true
    },
    {
      "name": "dateoccurred",
      "type": "esriFieldTypeString",
      "alias": "Date Occurred",
      "length": 100,
      "isRequired": true
    },
    {
      "name": "nc4editable",
      "type": "esriFieldTypeString",
      "alias": "Editable",
      "length": 100,
      "isRequired": true
    },
    {
      "name": "stateprovince",
      "type": "esriFieldTypeString",
      "alias": "State or Province",
      "length": 100,
      "isRequired": true
    },
    {
      "name": "gist",
      "type": "esriFieldTypeString",
      "alias": "GIST",
      "length": 100,
      "isRequired": true
    },
    {
      "name": "animationOrHighlightSuffix",
      "type": "esriFieldTypeString",
      "alias": "animationOrHighlightSuffix",
      "length": 100,
      "isRequired": true
    },
    {
      "name": "incidentid",
      "type": "esriFieldTypeString",
      "alias": "Incident ID",
      "length": 100,
      "isRequired": true
    },
    {
      "name": "infosource",
      "type": "esriFieldTypeString",
      "alias": "Info Source",
      "length": 100,
      "isRequired": true
    },
    {
      "name": "description",
      "type": "esriFieldTypeString",
      "alias": "Description",
      "length": 100,
      "isRequired": true
    },
    {
      "name": "severity",
      "type": "esriFieldTypeString",
      "alias": "Severity",
      "length": 100,
      "isRequired": true
    },
    {
      "name": "country",
      "type": "esriFieldTypeString",
      "alias": "Country",
      "length": 100,
      "isRequired": true
    },
    {
      "name": "latitude",
      "type": "esriFieldTypeString",
      "alias": "Latitude",
      "length": 100,
      "isRequired": true
    },
    {
      "name": "longitude",
      "type": "esriFieldTypeString",
      "alias": "Longitude",
      "length": 100,
      "isRequired": true
    }
  ],
  "objectIdField": "incactivityid"
}