{
  "id": "nimcadv",
  "name": "nimcadv",
  "type": "Feature Layer",
  "description": "nimcadv - nimcadv",
  "copyrightText": "",
  "geometryType": "esriGeometryPoint",
  "minScale": 0,
  "maxScale": 0,
  "extent": {
    "xmin": -8478000.0,
    "ymin": 5014590.0,
    "xmax": -8099500.0,
    "ymax": 5245000.0,
    "spatialReference": { "wkid": 102100 }
  },
  "drawingInfo": {
    "labelingInfo": "Drawing Info. for nimcadv",
    "renderer": {
      "type": "uniqueValue",
      "field1": "category",
      "field2": "severity",
      "field3": "objtype",
      "fieldDelimiter": ",",
      "defaultSymbol": {
        "type": "esriPMS",
        "url": "https://esa50sjc.nc4.us/nc4maps_resources/icons/blank_unknown",
        "contentType": "image/png",
        "width": 17.5,
        "height": 17.5,
        "angle": 0.0,
        "xoffset": 0.0,
        "yoffset": 0.0
      },
      "defaultLabel": "Default Icon",
      "uniqueValueInfos": [
        {
          "value": "Advisory,Unknown,null",
          "label": "Unknown Advisory",
          "description": "description",
          "symbol": {
            "type": "esriPMS",
            "url": "https://esa50sjc.nc4.us/nc4maps_resources/icons/advisory_unknown.png",
            "contentType": "image/png",
            "width": 30.0,
            "height": 47.0,
            "angle": 0.0,
            "xoffset": 0.0,
            "yoffset": 0.0
          }
        },
        {
          "value": "Advisory,Unknown,highlight",
          "label": "Unknown Advisory (Recent)",
          "description": "description",
          "symbol": {
            "type": "esriPMS",
            "url": "https://esa50sjc.nc4.us/nc4maps_resources/icons/advisory_unknown_highlight.png",
            "contentType": "image/png",
            "width": 40.0,
            "height": 58.0,
            "angle": 0.0,
            "xoffset": 0.0,
            "yoffset": 0.0
          }
        },
        {
          "value": "Advisory,Minor,null",
          "label": "Minor Advisory",
          "description": "description",
          "symbol": {
            "type": "esriPMS",
            "url": "https://esa50sjc.nc4.us/nc4maps_resources/icons/advisory_minor.png",
            "contentType": "image/png",
            "width": 30.0,
            "height": 47.0,
            "angle": 0.0,
            "xoffset": 0.0,
            "yoffset": 0.0
          }
        },
        {
          "value": "Advisory,Minor,highlight",
          "label": "Minor Advisory (Recent)",
          "description": "description",
          "symbol": {
            "type": "esriPMS",
            "url": "https://esa50sjc.nc4.us/nc4maps_resources/icons/advisory_minor_highlight.png",
            "contentType": "image/png",
            "width": 40.0,
            "height": 58.0,
            "angle": 0.0,
            "xoffset": 0.0,
            "yoffset": 0.0
          }
        },
        {
          "value": "Advisory,Moderate,null",
          "label": "Moderate Advisory",
          "description": "description",
          "symbol": {
            "type": "esriPMS",
            "url": "https://esa50sjc.nc4.us/nc4maps_resources/icons/advisory_moderate.png",
            "contentType": "image/png",
            "width": 30.0,
            "height": 47.0,
            "angle": 0.0,
            "xoffset": 0.0,
            "yoffset": 0.0
          }
        },
        {
          "value": "Advisory,Moderate,highlight",
          "label": "Moderate Advisory (Recent)",
          "description": "description",
          "symbol": {
            "type": "esriPMS",
            "url": "https://esa50sjc.nc4.us/nc4maps_resources/icons/advisory_moderate_highlight.png",
            "contentType": "image/png",
            "width": 40.0,
            "height": 58.0,
            "angle": 0.0,
            "xoffset": 0.0,
            "yoffset": 0.0
          }
        },
        {
          "value": "Advisory,Severe,null",
          "label": "Severe Advisory",
          "description": "description",
          "symbol": {
            "type": "esriPMS",
            "url": "https://esa50sjc.nc4.us/nc4maps_resources/icons/advisory_severe.png",
            "contentType": "image/png",
            "width": 30.0,
            "height": 47.0,
            "angle": 0.0,
            "xoffset": 0.0,
            "yoffset": 0.0
          }
        },
        {
          "value": "Advisory,Severe,highlight",
          "label": "Severe Advisory (Recent)",
          "description": "description",
          "symbol": {
            "type": "esriPMS",
            "url": "https://esa50sjc.nc4.us/nc4maps_resources/icons/advisory_severe_highlight.png",
            "contentType": "image/png",
            "width": 40.0,
            "height": 58.0,
            "angle": 0.0,
            "xoffset": 0.0,
            "yoffset": 0.0
          }
        },
        {
          "value": "Advisory,Extreme,null",
          "label": "Extreme Advisory",
          "description": "description",
          "symbol": {
            "type": "esriPMS",
            "url": "https://esa50sjc.nc4.us/nc4maps_resources/icons/advisory_extreme.png",
            "contentType": "image/png",
            "width": 30.0,
            "height": 47.0,
            "angle": 0.0,
            "xoffset": 0.0,
            "yoffset": 0.0
          }
        },
        {
          "value": "Advisory,Extreme,highlight",
          "label": "Extreme Advisory (Recent)",
          "description": "description",
          "symbol": {
            "type": "esriPMS",
            "url": "https://esa50sjc.nc4.us/nc4maps_resources/icons/advisory_extreme_highlight.png",
            "contentType": "image/png",
            "width": 40.0,
            "height": 58.0,
            "angle": 0.0,
            "xoffset": 0.0,
            "yoffset": 0.0
          }
        },
        {
          "value": "Aviation,Unknown,null",
          "label": "Unknown Aviation",
          "description": "description",
          "symbol": {
            "type": "esriPMS",
            "url": "https://esa50sjc.nc4.us/nc4maps_resources/icons/aviation_unknown.png",
            "contentType": "image/png",
            "width": 30.0,
            "height": 47.0,
            "angle": 0.0,
            "xoffset": 0.0,
            "yoffset": 0.0
          }
        },
        {
          "value": "Aviation,Unknown,highlight",
          "label": "Unknown Aviation (Recent)",
          "description": "description",
          "symbol": {
            "type": "esriPMS",
            "url": "https://esa50sjc.nc4.us/nc4maps_resources/icons/aviation_unknown_highlight.png",
            "contentType": "image/png",
            "width": 40.0,
            "height": 58.0,
            "angle": 0.0,
            "xoffset": 0.0,
            "yoffset": 0.0
          }
        },
        {
          "value": "Aviation,Minor,null",
          "label": "Minor Aviation",
          "description": "description",
          "symbol": {
            "type": "esriPMS",
            "url": "https://esa50sjc.nc4.us/nc4maps_resources/icons/aviation_minor.png",
            "contentType": "image/png",
            "width": 30.0,
            "height": 47.0,
            "angle": 0.0,
            "xoffset": 0.0,
            "yoffset": 0.0
          }
        },
        {
          "value": "Aviation,Minor,highlight",
          "label": "Minor Aviation (Recent)",
          "description": "description",
          "symbol": {
            "type": "esriPMS",
            "url": "https://esa50sjc.nc4.us/nc4maps_resources/icons/aviation_minor_highlight.png",
            "contentType": "image/png",
            "width": 40.0,
            "height": 58.0,
            "angle": 0.0,
            "xoffset": 0.0,
            "yoffset": 0.0
          }
        },
        {
          "value": "Aviation,Moderate,null",
          "label": "Moderate Aviation",
          "description": "description",
          "symbol": {
            "type": "esriPMS",
            "url": "https://esa50sjc.nc4.us/nc4maps_resources/icons/aviation_moderate.png",
            "contentType": "image/png",
            "width": 30.0,
            "height": 47.0,
            "angle": 0.0,
            "xoffset": 0.0,
            "yoffset": 0.0
          }
        },
        {
          "value": "Aviation,Moderate,highlight",
          "label": "Moderate Aviation (Recent)",
          "description": "description",
          "symbol": {
            "type": "esriPMS",
            "url": "https://esa50sjc.nc4.us/nc4maps_resources/icons/aviation_moderate_highlight.png",
            "contentType": "image/png",
            "width": 40.0,
            "height": 58.0,
            "angle": 0.0,
            "xoffset": 0.0,
            "yoffset": 0.0
          }
        },
        {
          "value": "Aviation,Severe,null",
          "label": "Severe Aviation",
          "description": "description",
          "symbol": {
            "type": "esriPMS",
            "url": "https://esa50sjc.nc4.us/nc4maps_resources/icons/aviation_severe.png",
            "contentType": "image/png",
            "width": 30.0,
            "height": 47.0,
            "angle": 0.0,
            "xoffset": 0.0,
            "yoffset": 0.0
          }
        },
        {
          "value": "Aviation,Severe,highlight",
          "label": "Severe Aviation (Recent)",
          "description": "description",
          "symbol": {
            "type": "esriPMS",
            "url": "https://esa50sjc.nc4.us/nc4maps_resources/icons/aviation_severe_highlight.png",
            "contentType": "image/png",
            "width": 40.0,
            "height": 58.0,
            "angle": 0.0,
            "xoffset": 0.0,
            "yoffset": 0.0
          }
        },
        {
          "value": "Aviation,Extreme,null",
          "label": "Extreme Aviation",
          "description": "description",
          "symbol": {
            "type": "esriPMS",
            "url": "https://esa50sjc.nc4.us/nc4maps_resources/icons/aviation_extreme.png",
            "contentType": "image/png",
            "width": 30.0,
            "height": 47.0,
            "angle": 0.0,
            "xoffset": 0.0,
            "yoffset": 0.0
          }
        },
        {
          "value": "Aviation,Extreme,highlight",
          "label": "Extreme Aviation (Recent)",
          "description": "description",
          "symbol": {
            "type": "esriPMS",
            "url": "https://esa50sjc.nc4.us/nc4maps_resources/icons/aviation_extreme_highlight.png",
            "contentType": "image/png",
            "width": 40.0,
            "height": 58.0,
            "angle": 0.0,
            "xoffset": 0.0,
            "yoffset": 0.0
          }
        },
        {
          "value": "Fire,Unknown,null",
          "label": "Unknown Fire",
          "description": "description",
          "symbol": {
            "type": "esriPMS",
            "url": "https://esa50sjc.nc4.us/nc4maps_resources/icons/fire_unknown.png",
            "contentType": "image/png",
            "width": 30.0,
            "height": 47.0,
            "angle": 0.0,
            "xoffset": 0.0,
            "yoffset": 0.0
          }
        },
        {
          "value": "Fire,Unknown,highlight",
          "label": "Unknown Fire (Recent)",
          "description": "description",
          "symbol": {
            "type": "esriPMS",
            "url": "https://esa50sjc.nc4.us/nc4maps_resources/icons/fire_unknown_highlight.png",
            "contentType": "image/png",
            "width": 40.0,
            "height": 58.0,
            "angle": 0.0,
            "xoffset": 0.0,
            "yoffset": 0.0
          }
        },
        {
          "value": "Fire,Minor,null",
          "label": "Minor Fire",
          "description": "description",
          "symbol": {
            "type": "esriPMS",
            "url": "https://esa50sjc.nc4.us/nc4maps_resources/icons/fire_minor.png",
            "contentType": "image/png",
            "width": 30.0,
            "height": 47.0,
            "angle": 0.0,
            "xoffset": 0.0,
            "yoffset": 0.0
          }
        },
        {
          "value": "Fire,Minor,highlight",
          "label": "Minor Fire (Recent)",
          "description": "description",
          "symbol": {
            "type": "esriPMS",
            "url": "https://esa50sjc.nc4.us/nc4maps_resources/icons/fire_minor_highlight.png",
            "contentType": "image/png",
            "width": 40.0,
            "height": 58.0,
            "angle": 0.0,
            "xoffset": 0.0,
            "yoffset": 0.0
          }
        },
        {
          "value": "Fire,Moderate,null",
          "label": "Moderate Fire",
          "description": "description",
          "symbol": {
            "type": "esriPMS",
            "url": "https://esa50sjc.nc4.us/nc4maps_resources/icons/fire_moderate.png",
            "contentType": "image/png",
            "width": 30.0,
            "height": 47.0,
            "angle": 0.0,
            "xoffset": 0.0,
            "yoffset": 0.0
          }
        },
        {
          "value": "Fire,Moderate,highlight",
          "label": "Moderate Fire (Recent)",
          "description": "description",
          "symbol": {
            "type": "esriPMS",
            "url": "https://esa50sjc.nc4.us/nc4maps_resources/icons/fire_moderate_highlight.png",
            "contentType": "image/png",
            "width": 40.0,
            "height": 58.0,
            "angle": 0.0,
            "xoffset": 0.0,
            "yoffset": 0.0
          }
        },
        {
          "value": "Fire,Severe,null",
          "label": "Severe Fire",
          "description": "description",
          "symbol": {
            "type": "esriPMS",
            "url": "https://esa50sjc.nc4.us/nc4maps_resources/icons/fire_severe.png",
            "contentType": "image/png",
            "width": 30.0,
            "height": 47.0,
            "angle": 0.0,
            "xoffset": 0.0,
            "yoffset": 0.0
          }
        },
        {
          "value": "Fire,Severe,highlight",
          "label": "Severe Fire (Recent)",
          "description": "description",
          "symbol": {
            "type": "esriPMS",
            "url": "https://esa50sjc.nc4.us/nc4maps_resources/icons/fire_severe_highlight.png",
            "contentType": "image/png",
            "width": 40.0,
            "height": 58.0,
            "angle": 0.0,
            "xoffset": 0.0,
            "yoffset": 0.0
          }
        },
        {
          "value": "Fire,Extreme,null",
          "label": "Extreme Fire",
          "description": "description",
          "symbol": {
            "type": "esriPMS",
            "url": "https://esa50sjc.nc4.us/nc4maps_resources/icons/fire_extreme.png",
            "contentType": "image/png",
            "width": 30.0,
            "height": 47.0,
            "angle": 0.0,
            "xoffset": 0.0,
            "yoffset": 0.0
          }
        },
        {
          "value": "Fire,Extreme,highlight",
          "label": "Extreme Fire (Recent)",
          "description": "description",
          "symbol": {
            "type": "esriPMS",
            "url": "https://esa50sjc.nc4.us/nc4maps_resources/icons/fire_extreme_highlight.png",
            "contentType": "image/png",
            "width": 40.0,
            "height": 58.0,
            "angle": 0.0,
            "xoffset": 0.0,
            "yoffset": 0.0
          }
        },
        {
          "value": "Hazmat,Unknown,null",
          "label": "Unknown Hazmat",
          "description": "description",
          "symbol": {
            "type": "esriPMS",
            "url": "https://esa50sjc.nc4.us/nc4maps_resources/icons/hazmat_unknown.png",
            "contentType": "image/png",
            "width": 30.0,
            "height": 47.0,
            "angle": 0.0,
            "xoffset": 0.0,
            "yoffset": 0.0
          }
        },
        {
          "value": "Hazmat,Unknown,highlight",
          "label": "Unknown Hazmat (Recent)",
          "description": "description",
          "symbol": {
            "type": "esriPMS",
            "url": "https://esa50sjc.nc4.us/nc4maps_resources/icons/hazmat_unknown_highlight.png",
            "contentType": "image/png",
            "width": 40.0,
            "height": 58.0,
            "angle": 0.0,
            "xoffset": 0.0,
            "yoffset": 0.0
          }
        },
        {
          "value": "Hazmat,Minor,null",
          "label": "Minor Hazmat",
          "description": "description",
          "symbol": {
            "type": "esriPMS",
            "url": "https://esa50sjc.nc4.us/nc4maps_resources/icons/hazmat_minor.png",
            "contentType": "image/png",
            "width": 30.0,
            "height": 47.0,
            "angle": 0.0,
            "xoffset": 0.0,
            "yoffset": 0.0
          }
        },
        {
          "value": "Hazmat,Minor,highlight",
          "label": "Minor Hazmat (Recent)",
          "description": "description",
          "symbol": {
            "type": "esriPMS",
            "url": "https://esa50sjc.nc4.us/nc4maps_resources/icons/hazmat_minor_highlight.png",
            "contentType": "image/png",
            "width": 40.0,
            "height": 58.0,
            "angle": 0.0,
            "xoffset": 0.0,
            "yoffset": 0.0
          }
        },
        {
          "value": "Hazmat,Moderate,null",
          "label": "Moderate Hazmat",
          "description": "description",
          "symbol": {
            "type": "esriPMS",
            "url": "https://esa50sjc.nc4.us/nc4maps_resources/icons/hazmat_moderate.png",
            "contentType": "image/png",
            "width": 30.0,
            "height": 47.0,
            "angle": 0.0,
            "xoffset": 0.0,
            "yoffset": 0.0
          }
        },
        {
          "value": "Hazmat,Moderate,highlight",
          "label": "Moderate Hazmat (Recent)",
          "description": "description",
          "symbol": {
            "type": "esriPMS",
            "url": "https://esa50sjc.nc4.us/nc4maps_resources/icons/hazmat_moderate_highlight.png",
            "contentType": "image/png",
            "width": 40.0,
            "height": 58.0,
            "angle": 0.0,
            "xoffset": 0.0,
            "yoffset": 0.0
          }
        },
        {
          "value": "Hazmat,Severe,null",
          "label": "Severe Hazmat",
          "description": "description",
          "symbol": {
            "type": "esriPMS",
            "url": "https://esa50sjc.nc4.us/nc4maps_resources/icons/hazmat_severe.png",
            "contentType": "image/png",
            "width": 30.0,
            "height": 47.0,
            "angle": 0.0,
            "xoffset": 0.0,
            "yoffset": 0.0
          }
        },
        {
          "value": "Hazmat,Severe,highlight",
          "label": "Severe Hazmat (Recent)",
          "description": "description",
          "symbol": {
            "type": "esriPMS",
            "url": "https://esa50sjc.nc4.us/nc4maps_resources/icons/hazmat_severe_highlight.png",
            "contentType": "image/png",
            "width": 40.0,
            "height": 58.0,
            "angle": 0.0,
            "xoffset": 0.0,
            "yoffset": 0.0
          }
        },
        {
          "value": "Hazmat,Extreme,null",
          "label": "Extreme Hazmat",
          "description": "description",
          "symbol": {
            "type": "esriPMS",
            "url": "https://esa50sjc.nc4.us/nc4maps_resources/icons/hazmat_extreme.png",
            "contentType": "image/png",
            "width": 30.0,
            "height": 47.0,
            "angle": 0.0,
            "xoffset": 0.0,
            "yoffset": 0.0
          }
        },
        {
          "value": "Hazmat,Extreme,highlight",
          "label": "Extreme Hazmat (Recent)",
          "description": "description",
          "symbol": {
            "type": "esriPMS",
            "url": "https://esa50sjc.nc4.us/nc4maps_resources/icons/hazmat_extreme_highlight.png",
            "contentType": "image/png",
            "width": 40.0,
            "height": 58.0,
            "angle": 0.0,
            "xoffset": 0.0,
            "yoffset": 0.0
          }
        },
        {
          "value": "Geophysical,Unknown,null",
          "label": "Unknown Geophysical",
          "description": "description",
          "symbol": {
            "type": "esriPMS",
            "url": "https://esa50sjc.nc4.us/nc4maps_resources/icons/geophysical_unknown.png",
            "contentType": "image/png",
            "width": 30.0,
            "height": 47.0,
            "angle": 0.0,
            "xoffset": 0.0,
            "yoffset": 0.0
          }
        },
        {
          "value": "Geophysical,Unknown,highlight",
          "label": "Unknown Geophysical (Recent)",
          "description": "description",
          "symbol": {
            "type": "esriPMS",
            "url": "https://esa50sjc.nc4.us/nc4maps_resources/icons/geophysical_unknown_highlight.png",
            "contentType": "image/png",
            "width": 40.0,
            "height": 58.0,
            "angle": 0.0,
            "xoffset": 0.0,
            "yoffset": 0.0
          }
        },
        {
          "value": "Geophysical,Minor,null",
          "label": "Minor Geophysical",
          "description": "description",
          "symbol": {
            "type": "esriPMS",
            "url": "https://esa50sjc.nc4.us/nc4maps_resources/icons/geophysical_minor.png",
            "contentType": "image/png",
            "width": 30.0,
            "height": 47.0,
            "angle": 0.0,
            "xoffset": 0.0,
            "yoffset": 0.0
          }
        },
        {
          "value": "Geophysical,Minor,highlight",
          "label": "Minor Geophysical (Recent)",
          "description": "description",
          "symbol": {
            "type": "esriPMS",
            "url": "https://esa50sjc.nc4.us/nc4maps_resources/icons/geophysical_minor_highlight.png",
            "contentType": "image/png",
            "width": 40.0,
            "height": 58.0,
            "angle": 0.0,
            "xoffset": 0.0,
            "yoffset": 0.0
          }
        },
        {
          "value": "Geophysical,Moderate,null",
          "label": "Moderate Geophysical",
          "description": "description",
          "symbol": {
            "type": "esriPMS",
            "url": "https://esa50sjc.nc4.us/nc4maps_resources/icons/geophysical_moderate.png",
            "contentType": "image/png",
            "width": 30.0,
            "height": 47.0,
            "angle": 0.0,
            "xoffset": 0.0,
            "yoffset": 0.0
          }
        },
        {
          "value": "Geophysical,Moderate,highlight",
          "label": "Moderate Geophysical (Recent)",
          "description": "description",
          "symbol": {
            "type": "esriPMS",
            "url": "https://esa50sjc.nc4.us/nc4maps_resources/icons/geophysical_moderate_highlight.png",
            "contentType": "image/png",
            "width": 40.0,
            "height": 58.0,
            "angle": 0.0,
            "xoffset": 0.0,
            "yoffset": 0.0
          }
        },
        {
          "value": "Geophysical,Severe,null",
          "label": "Severe Geophysical",
          "description": "description",
          "symbol": {
            "type": "esriPMS",
            "url": "https://esa50sjc.nc4.us/nc4maps_resources/icons/geophysical_severe.png",
            "contentType": "image/png",
            "width": 30.0,
            "height": 47.0,
            "angle": 0.0,
            "xoffset": 0.0,
            "yoffset": 0.0
          }
        },
        {
          "value": "Geophysical,Severe,highlight",
          "label": "Severe Geophysical (Recent)",
          "description": "description",
          "symbol": {
            "type": "esriPMS",
            "url": "https://esa50sjc.nc4.us/nc4maps_resources/icons/geophysical_severe_highlight.png",
            "contentType": "image/png",
            "width": 40.0,
            "height": 58.0,
            "angle": 0.0,
            "xoffset": 0.0,
            "yoffset": 0.0
          }
        },
        {
          "value": "Geophysical,Extreme,null",
          "label": "Extreme Geophysical",
          "description": "description",
          "symbol": {
            "type": "esriPMS",
            "url": "https://esa50sjc.nc4.us/nc4maps_resources/icons/geophysical_extreme.png",
            "contentType": "image/png",
            "width": 30.0,
            "height": 47.0,
            "angle": 0.0,
            "xoffset": 0.0,
            "yoffset": 0.0
          }
        },
        {
          "value": "Geophysical,Extreme,highlight",
          "label": "Extreme Geophysical (Recent)",
          "description": "description",
          "symbol": {
            "type": "esriPMS",
            "url": "https://esa50sjc.nc4.us/nc4maps_resources/icons/geophysical_extreme_highlight.png",
            "contentType": "image/png",
            "width": 40.0,
            "height": 58.0,
            "angle": 0.0,
            "xoffset": 0.0,
            "yoffset": 0.0
          }
        },
        {
          "value": "Health,Unknown,null",
          "label": "Unknown Health",
          "description": "description",
          "symbol": {
            "type": "esriPMS",
            "url": "https://esa50sjc.nc4.us/nc4maps_resources/icons/health_unknown.png",
            "contentType": "image/png",
            "width": 30.0,
            "height": 47.0,
            "angle": 0.0,
            "xoffset": 0.0,
            "yoffset": 0.0
          }
        },
        {
          "value": "Health,Unknown,highlight",
          "label": "Unknown Health (Recent)",
          "description": "description",
          "symbol": {
            "type": "esriPMS",
            "url": "https://esa50sjc.nc4.us/nc4maps_resources/icons/health_unknown_highlight.png",
            "contentType": "image/png",
            "width": 40.0,
            "height": 58.0,
            "angle": 0.0,
            "xoffset": 0.0,
            "yoffset": 0.0
          }
        },
        {
          "value": "Health,Minor,null",
          "label": "Minor Health",
          "description": "description",
          "symbol": {
            "type": "esriPMS",
            "url": "https://esa50sjc.nc4.us/nc4maps_resources/icons/health_minor.png",
            "contentType": "image/png",
            "width": 30.0,
            "height": 47.0,
            "angle": 0.0,
            "xoffset": 0.0,
            "yoffset": 0.0
          }
        },
        {
          "value": "Health,Minor,highlight",
          "label": "Minor Health (Recent)",
          "description": "description",
          "symbol": {
            "type": "esriPMS",
            "url": "https://esa50sjc.nc4.us/nc4maps_resources/icons/health_minor_highlight.png",
            "contentType": "image/png",
            "width": 40.0,
            "height": 58.0,
            "angle": 0.0,
            "xoffset": 0.0,
            "yoffset": 0.0
          }
        },
        {
          "value": "Health,Moderate,null",
          "label": "Moderate Health",
          "description": "description",
          "symbol": {
            "type": "esriPMS",
            "url": "https://esa50sjc.nc4.us/nc4maps_resources/icons/health_moderate.png",
            "contentType": "image/png",
            "width": 30.0,
            "height": 47.0,
            "angle": 0.0,
            "xoffset": 0.0,
            "yoffset": 0.0
          }
        },
        {
          "value": "Health,Moderate,highlight",
          "label": "Moderate Health (Recent)",
          "description": "description",
          "symbol": {
            "type": "esriPMS",
            "url": "https://esa50sjc.nc4.us/nc4maps_resources/icons/health_moderate_highlight.png",
            "contentType": "image/png",
            "width": 40.0,
            "height": 58.0,
            "angle": 0.0,
            "xoffset": 0.0,
            "yoffset": 0.0
          }
        },
        {
          "value": "Health,Severe,null",
          "label": "Severe Health",
          "description": "description",
          "symbol": {
            "type": "esriPMS",
            "url": "https://esa50sjc.nc4.us/nc4maps_resources/icons/health_severe.png",
            "contentType": "image/png",
            "width": 30.0,
            "height": 47.0,
            "angle": 0.0,
            "xoffset": 0.0,
            "yoffset": 0.0
          }
        },
        {
          "value": "Health,Severe,highlight",
          "label": "Severe Health (Recent)",
          "description": "description",
          "symbol": {
            "type": "esriPMS",
            "url": "https://esa50sjc.nc4.us/nc4maps_resources/icons/health_severe_highlight.png",
            "contentType": "image/png",
            "width": 40.0,
            "height": 58.0,
            "angle": 0.0,
            "xoffset": 0.0,
            "yoffset": 0.0
          }
        },
        {
          "value": "Health,Extreme,null",
          "label": "Extreme Health",
          "description": "description",
          "symbol": {
            "type": "esriPMS",
            "url": "https://esa50sjc.nc4.us/nc4maps_resources/icons/health_extreme.png",
            "contentType": "image/png",
            "width": 30.0,
            "height": 47.0,
            "angle": 0.0,
            "xoffset": 0.0,
            "yoffset": 0.0
          }
        },
        {
          "value": "Health,Extreme,highlight",
          "label": "Extreme Health (Recent)",
          "description": "description",
          "symbol": {
            "type": "esriPMS",
            "url": "https://esa50sjc.nc4.us/nc4maps_resources/icons/health_extreme_highlight.png",
            "contentType": "image/png",
            "width": 40.0,
            "height": 58.0,
            "angle": 0.0,
            "xoffset": 0.0,
            "yoffset": 0.0
          }
        },
        {
          "value": "Infrastructure,Unknown,null",
          "label": "Unknown Infrastructure",
          "description": "description",
          "symbol": {
            "type": "esriPMS",
            "url": "https://esa50sjc.nc4.us/nc4maps_resources/icons/infrastructure_unknown.png",
            "contentType": "image/png",
            "width": 30.0,
            "height": 47.0,
            "angle": 0.0,
            "xoffset": 0.0,
            "yoffset": 0.0
          }
        },
        {
          "value": "Infrastructure,Unknown,highlight",
          "label": "Unknown Infrastructure (Recent)",
          "description": "description",
          "symbol": {
            "type": "esriPMS",
            "url": "https://esa50sjc.nc4.us/nc4maps_resources/icons/infrastructure_unknown_highlight.png",
            "contentType": "image/png",
            "width": 40.0,
            "height": 58.0,
            "angle": 0.0,
            "xoffset": 0.0,
            "yoffset": 0.0
          }
        },
        {
          "value": "Infrastructure,Minor,null",
          "label": "Minor Infrastructure",
          "description": "description",
          "symbol": {
            "type": "esriPMS",
            "url": "https://esa50sjc.nc4.us/nc4maps_resources/icons/infrastructure_minor.png",
            "contentType": "image/png",
            "width": 30.0,
            "height": 47.0,
            "angle": 0.0,
            "xoffset": 0.0,
            "yoffset": 0.0
          }
        },
        {
          "value": "Infrastructure,Minor,highlight",
          "label": "Minor Infrastructure (Recent)",
          "description": "description",
          "symbol": {
            "type": "esriPMS",
            "url": "https://esa50sjc.nc4.us/nc4maps_resources/icons/infrastructure_minor_highlight.png",
            "contentType": "image/png",
            "width": 40.0,
            "height": 58.0,
            "angle": 0.0,
            "xoffset": 0.0,
            "yoffset": 0.0
          }
        },
        {
          "value": "Infrastructure,Moderate,null",
          "label": "Moderate Infrastructure",
          "description": "description",
          "symbol": {
            "type": "esriPMS",
            "url": "https://esa50sjc.nc4.us/nc4maps_resources/icons/infrastructure_moderate.png",
            "contentType": "image/png",
            "width": 30.0,
            "height": 47.0,
            "angle": 0.0,
            "xoffset": 0.0,
            "yoffset": 0.0
          }
        },
        {
          "value": "Infrastructure,Moderate,highlight",
          "label": "Moderate Infrastructure (Recent)",
          "description": "description",
          "symbol": {
            "type": "esriPMS",
            "url": "https://esa50sjc.nc4.us/nc4maps_resources/icons/infrastructure_moderate_highlight.png",
            "contentType": "image/png",
            "width": 40.0,
            "height": 58.0,
            "angle": 0.0,
            "xoffset": 0.0,
            "yoffset": 0.0
          }
        },
        {
          "value": "Infrastructure,Severe,null",
          "label": "Severe Infrastructure",
          "description": "description",
          "symbol": {
            "type": "esriPMS",
            "url": "https://esa50sjc.nc4.us/nc4maps_resources/icons/infrastructure_severe.png",
            "contentType": "image/png",
            "width": 30.0,
            "height": 47.0,
            "angle": 0.0,
            "xoffset": 0.0,
            "yoffset": 0.0
          }
        },
        {
          "value": "Infrastructure,Severe,highlight",
          "label": "Severe Infrastructure (Recent)",
          "description": "description",
          "symbol": {
            "type": "esriPMS",
            "url": "https://esa50sjc.nc4.us/nc4maps_resources/icons/infrastructure_severe_highlight.png",
            "contentType": "image/png",
            "width": 40.0,
            "height": 58.0,
            "angle": 0.0,
            "xoffset": 0.0,
            "yoffset": 0.0
          }
        },
        {
          "value": "Infrastructure,Extreme,null",
          "label": "Extreme Infrastructure",
          "description": "description",
          "symbol": {
            "type": "esriPMS",
            "url": "https://esa50sjc.nc4.us/nc4maps_resources/icons/infrastructure_extreme.png",
            "contentType": "image/png",
            "width": 30.0,
            "height": 47.0,
            "angle": 0.0,
            "xoffset": 0.0,
            "yoffset": 0.0
          }
        },
        {
          "value": "Infrastructure,Extreme,highlight",
          "label": "Extreme Infrastructure (Recent)",
          "description": "description",
          "symbol": {
            "type": "esriPMS",
            "url": "https://esa50sjc.nc4.us/nc4maps_resources/icons/infrastructure_extreme_highlight.png",
            "contentType": "image/png",
            "width": 40.0,
            "height": 58.0,
            "angle": 0.0,
            "xoffset": 0.0,
            "yoffset": 0.0
          }
        },
        {
          "value": "Meteorological,Unknown,null",
          "label": "Unknown Meteorological",
          "description": "description",
          "symbol": {
            "type": "esriPMS",
            "url": "https://esa50sjc.nc4.us/nc4maps_resources/icons/meteorological_unknown.png",
            "contentType": "image/png",
            "width": 30.0,
            "height": 47.0,
            "angle": 0.0,
            "xoffset": 0.0,
            "yoffset": 0.0
          }
        },
        {
          "value": "Meteorological,Unknown,highlight",
          "label": "Unknown Meteorological (Recent)",
          "description": "description",
          "symbol": {
            "type": "esriPMS",
            "url": "https://esa50sjc.nc4.us/nc4maps_resources/icons/meteorological_unknown_highlight.png",
            "contentType": "image/png",
            "width": 40.0,
            "height": 58.0,
            "angle": 0.0,
            "xoffset": 0.0,
            "yoffset": 0.0
          }
        },
        {
          "value": "Meteorological,Minor,null",
          "label": "Minor Meteorological",
          "description": "description",
          "symbol": {
            "type": "esriPMS",
            "url": "https://esa50sjc.nc4.us/nc4maps_resources/icons/meteorological_minor.png",
            "contentType": "image/png",
            "width": 30.0,
            "height": 47.0,
            "angle": 0.0,
            "xoffset": 0.0,
            "yoffset": 0.0
          }
        },
        {
          "value": "Meteorological,Minor,highlight",
          "label": "Minor Meteorological (Recent)",
          "description": "description",
          "symbol": {
            "type": "esriPMS",
            "url": "https://esa50sjc.nc4.us/nc4maps_resources/icons/meteorological_minor_highlight.png",
            "contentType": "image/png",
            "width": 40.0,
            "height": 58.0,
            "angle": 0.0,
            "xoffset": 0.0,
            "yoffset": 0.0
          }
        },
        {
          "value": "Meteorological,Moderate,null",
          "label": "Moderate Meteorological",
          "description": "description",
          "symbol": {
            "type": "esriPMS",
            "url": "https://esa50sjc.nc4.us/nc4maps_resources/icons/meteorological_moderate.png",
            "contentType": "image/png",
            "width": 30.0,
            "height": 47.0,
            "angle": 0.0,
            "xoffset": 0.0,
            "yoffset": 0.0
          }
        },
        {
          "value": "Meteorological,Moderate,highlight",
          "label": "Moderate Meteorological (Recent)",
          "description": "description",
          "symbol": {
            "type": "esriPMS",
            "url": "https://esa50sjc.nc4.us/nc4maps_resources/icons/meteorological_moderate_highlight.png",
            "contentType": "image/png",
            "width": 40.0,
            "height": 58.0,
            "angle": 0.0,
            "xoffset": 0.0,
            "yoffset": 0.0
          }
        },
        {
          "value": "Meteorological,Severe,null",
          "label": "Severe Meteorological",
          "description": "description",
          "symbol": {
            "type": "esriPMS",
            "url": "https://esa50sjc.nc4.us/nc4maps_resources/icons/meteorological_severe.png",
            "contentType": "image/png",
            "width": 30.0,
            "height": 47.0,
            "angle": 0.0,
            "xoffset": 0.0,
            "yoffset": 0.0
          }
        },
        {
          "value": "Meteorological,Severe,highlight",
          "label": "Severe Meteorological (Recent)",
          "description": "description",
          "symbol": {
            "type": "esriPMS",
            "url": "https://esa50sjc.nc4.us/nc4maps_resources/icons/meteorological_severe_highlight.png",
            "contentType": "image/png",
            "width": 40.0,
            "height": 58.0,
            "angle": 0.0,
            "xoffset": 0.0,
            "yoffset": 0.0
          }
        },
        {
          "value": "Meteorological,Extreme,null",
          "label": "Extreme Meteorological",
          "description": "description",
          "symbol": {
            "type": "esriPMS",
            "url": "https://esa50sjc.nc4.us/nc4maps_resources/icons/meteorological_extreme.png",
            "contentType": "image/png",
            "width": 30.0,
            "height": 47.0,
            "angle": 0.0,
            "xoffset": 0.0,
            "yoffset": 0.0
          }
        },
        {
          "value": "Meteorological,Extreme,highlight",
          "label": "Extreme Meteorological (Recent)",
          "description": "description",
          "symbol": {
            "type": "esriPMS",
            "url": "https://esa50sjc.nc4.us/nc4maps_resources/icons/meteorological_extreme_highlight.png",
            "contentType": "image/png",
            "width": 40.0,
            "height": 58.0,
            "angle": 0.0,
            "xoffset": 0.0,
            "yoffset": 0.0
          }
        },
        {
          "value": "Other,Unknown,null",
          "label": "Unknown Other",
          "description": "description",
          "symbol": {
            "type": "esriPMS",
            "url": "https://esa50sjc.nc4.us/nc4maps_resources/icons/other_unknown.png",
            "contentType": "image/png",
            "width": 30.0,
            "height": 47.0,
            "angle": 0.0,
            "xoffset": 0.0,
            "yoffset": 0.0
          }
        },
        {
          "value": "Other,Unknown,highlight",
          "label": "Unknown Other (Recent)",
          "description": "description",
          "symbol": {
            "type": "esriPMS",
            "url": "https://esa50sjc.nc4.us/nc4maps_resources/icons/other_unknown_highlight.png",
            "contentType": "image/png",
            "width": 40.0,
            "height": 58.0,
            "angle": 0.0,
            "xoffset": 0.0,
            "yoffset": 0.0
          }
        },
        {
          "value": "Other,Minor,null",
          "label": "Minor Other",
          "description": "description",
          "symbol": {
            "type": "esriPMS",
            "url": "https://esa50sjc.nc4.us/nc4maps_resources/icons/other_minor.png",
            "contentType": "image/png",
            "width": 30.0,
            "height": 47.0,
            "angle": 0.0,
            "xoffset": 0.0,
            "yoffset": 0.0
          }
        },
        {
          "value": "Other,Minor,highlight",
          "label": "Minor Other (Recent)",
          "description": "description",
          "symbol": {
            "type": "esriPMS",
            "url": "https://esa50sjc.nc4.us/nc4maps_resources/icons/other_minor_highlight.png",
            "contentType": "image/png",
            "width": 40.0,
            "height": 58.0,
            "angle": 0.0,
            "xoffset": 0.0,
            "yoffset": 0.0
          }
        },
        {
          "value": "Other,Moderate,null",
          "label": "Moderate Other",
          "description": "description",
          "symbol": {
            "type": "esriPMS",
            "url": "https://esa50sjc.nc4.us/nc4maps_resources/icons/other_moderate.png",
            "contentType": "image/png",
            "width": 30.0,
            "height": 47.0,
            "angle": 0.0,
            "xoffset": 0.0,
            "yoffset": 0.0
          }
        },
        {
          "value": "Other,Moderate,highlight",
          "label": "Moderate Other (Recent)",
          "description": "description",
          "symbol": {
            "type": "esriPMS",
            "url": "https://esa50sjc.nc4.us/nc4maps_resources/icons/other_moderate_highlight.png",
            "contentType": "image/png",
            "width": 40.0,
            "height": 58.0,
            "angle": 0.0,
            "xoffset": 0.0,
            "yoffset": 0.0
          }
        },
        {
          "value": "Other,Severe,null",
          "label": "Severe Other",
          "description": "description",
          "symbol": {
            "type": "esriPMS",
            "url": "https://esa50sjc.nc4.us/nc4maps_resources/icons/other_severe.png",
            "contentType": "image/png",
            "width": 30.0,
            "height": 47.0,
            "angle": 0.0,
            "xoffset": 0.0,
            "yoffset": 0.0
          }
        },
        {
          "value": "Other,Severe,highlight",
          "label": "Severe Other (Recent)",
          "description": "description",
          "symbol": {
            "type": "esriPMS",
            "url": "https://esa50sjc.nc4.us/nc4maps_resources/icons/other_severe_highlight.png",
            "contentType": "image/png",
            "width": 40.0,
            "height": 58.0,
            "angle": 0.0,
            "xoffset": 0.0,
            "yoffset": 0.0
          }
        },
        {
          "value": "Other,Extreme,null",
          "label": "Extreme Other",
          "description": "description",
          "symbol": {
            "type": "esriPMS",
            "url": "https://esa50sjc.nc4.us/nc4maps_resources/icons/other_extreme.png",
            "contentType": "image/png",
            "width": 30.0,
            "height": 47.0,
            "angle": 0.0,
            "xoffset": 0.0,
            "yoffset": 0.0
          }
        },
        {
          "value": "Other,Extreme,highlight",
          "label": "Extreme Other (Recent)",
          "description": "description",
          "symbol": {
            "type": "esriPMS",
            "url": "https://esa50sjc.nc4.us/nc4maps_resources/icons/other_extreme_highlight.png",
            "contentType": "image/png",
            "width": 40.0,
            "height": 58.0,
            "angle": 0.0,
            "xoffset": 0.0,
            "yoffset": 0.0
          }
        },
        {
          "value": "Security,Unknown,null",
          "label": "Unknown Security",
          "description": "description",
          "symbol": {
            "type": "esriPMS",
            "url": "https://esa50sjc.nc4.us/nc4maps_resources/icons/security_unknown.png",
            "contentType": "image/png",
            "width": 30.0,
            "height": 47.0,
            "angle": 0.0,
            "xoffset": 0.0,
            "yoffset": 0.0
          }
        },
        {
          "value": "Security,Unknown,highlight",
          "label": "Unknown Security (Recent)",
          "description": "description",
          "symbol": {
            "type": "esriPMS",
            "url": "https://esa50sjc.nc4.us/nc4maps_resources/icons/security_unknown_highlight.png",
            "contentType": "image/png",
            "width": 40.0,
            "height": 58.0,
            "angle": 0.0,
            "xoffset": 0.0,
            "yoffset": 0.0
          }
        },
        {
          "value": "Security,Minor,null",
          "label": "Minor Security",
          "description": "description",
          "symbol": {
            "type": "esriPMS",
            "url": "https://esa50sjc.nc4.us/nc4maps_resources/icons/security_minor.png",
            "contentType": "image/png",
            "width": 30.0,
            "height": 47.0,
            "angle": 0.0,
            "xoffset": 0.0,
            "yoffset": 0.0
          }
        },
        {
          "value": "Security,Minor,highlight",
          "label": "Minor Security (Recent)",
          "description": "description",
          "symbol": {
            "type": "esriPMS",
            "url": "https://esa50sjc.nc4.us/nc4maps_resources/icons/security_minor_highlight.png",
            "contentType": "image/png",
            "width": 40.0,
            "height": 58.0,
            "angle": 0.0,
            "xoffset": 0.0,
            "yoffset": 0.0
          }
        },
        {
          "value": "Security,Moderate,null",
          "label": "Moderate Security",
          "description": "description",
          "symbol": {
            "type": "esriPMS",
            "url": "https://esa50sjc.nc4.us/nc4maps_resources/icons/security_moderate.png",
            "contentType": "image/png",
            "width": 30.0,
            "height": 47.0,
            "angle": 0.0,
            "xoffset": 0.0,
            "yoffset": 0.0
          }
        },
        {
          "value": "Security,Moderate,highlight",
          "label": "Moderate Security (Recent)",
          "description": "description",
          "symbol": {
            "type": "esriPMS",
            "url": "https://esa50sjc.nc4.us/nc4maps_resources/icons/security_moderate_highlight.png",
            "contentType": "image/png",
            "width": 40.0,
            "height": 58.0,
            "angle": 0.0,
            "xoffset": 0.0,
            "yoffset": 0.0
          }
        },
        {
          "value": "Security,Severe,null",
          "label": "Severe Security",
          "description": "description",
          "symbol": {
            "type": "esriPMS",
            "url": "https://esa50sjc.nc4.us/nc4maps_resources/icons/security_severe.png",
            "contentType": "image/png",
            "width": 30.0,
            "height": 47.0,
            "angle": 0.0,
            "xoffset": 0.0,
            "yoffset": 0.0
          }
        },
        {
          "value": "Security,Severe,highlight",
          "label": "Severe Security (Recent)",
          "description": "description",
          "symbol": {
            "type": "esriPMS",
            "url": "https://esa50sjc.nc4.us/nc4maps_resources/icons/security_severe_highlight.png",
            "contentType": "image/png",
            "width": 40.0,
            "height": 58.0,
            "angle": 0.0,
            "xoffset": 0.0,
            "yoffset": 0.0
          }
        },
        {
          "value": "Security,Extreme,null",
          "label": "Extreme Security",
          "description": "description",
          "symbol": {
            "type": "esriPMS",
            "url": "https://esa50sjc.nc4.us/nc4maps_resources/icons/security_extreme.png",
            "contentType": "image/png",
            "width": 30.0,
            "height": 47.0,
            "angle": 0.0,
            "xoffset": 0.0,
            "yoffset": 0.0
          }
        },
        {
          "value": "Security,Extreme,highlight",
          "label": "Extreme Security (Recent)",
          "description": "description",
          "symbol": {
            "type": "esriPMS",
            "url": "https://esa50sjc.nc4.us/nc4maps_resources/icons/security_extreme_highlight.png",
            "contentType": "image/png",
            "width": 40.0,
            "height": 58.0,
            "angle": 0.0,
            "xoffset": 0.0,
            "yoffset": 0.0
          }
        },
        {
          "value": "Structural,Unknown,null",
          "label": "Unknown Structural",
          "description": "description",
          "symbol": {
            "type": "esriPMS",
            "url": "https://esa50sjc.nc4.us/nc4maps_resources/icons/structural_unknown.png",
            "contentType": "image/png",
            "width": 30.0,
            "height": 47.0,
            "angle": 0.0,
            "xoffset": 0.0,
            "yoffset": 0.0
          }
        },
        {
          "value": "Structural,Unknown,highlight",
          "label": "Unknown Structural (Recent)",
          "description": "description",
          "symbol": {
            "type": "esriPMS",
            "url": "https://esa50sjc.nc4.us/nc4maps_resources/icons/structural_unknown_highlight.png",
            "contentType": "image/png",
            "width": 40.0,
            "height": 58.0,
            "angle": 0.0,
            "xoffset": 0.0,
            "yoffset": 0.0
          }
        },
        {
          "value": "Structural,Minor,null",
          "label": "Minor Structural",
          "description": "description",
          "symbol": {
            "type": "esriPMS",
            "url": "https://esa50sjc.nc4.us/nc4maps_resources/icons/structural_minor.png",
            "contentType": "image/png",
            "width": 30.0,
            "height": 47.0,
            "angle": 0.0,
            "xoffset": 0.0,
            "yoffset": 0.0
          }
        },
        {
          "value": "Structural,Minor,highlight",
          "label": "Minor Structural (Recent)",
          "description": "description",
          "symbol": {
            "type": "esriPMS",
            "url": "https://esa50sjc.nc4.us/nc4maps_resources/icons/structural_minor_highlight.png",
            "contentType": "image/png",
            "width": 40.0,
            "height": 58.0,
            "angle": 0.0,
            "xoffset": 0.0,
            "yoffset": 0.0
          }
        },
        {
          "value": "Structural,Moderate,null",
          "label": "Moderate Structural",
          "description": "description",
          "symbol": {
            "type": "esriPMS",
            "url": "https://esa50sjc.nc4.us/nc4maps_resources/icons/structural_moderate.png",
            "contentType": "image/png",
            "width": 30.0,
            "height": 47.0,
            "angle": 0.0,
            "xoffset": 0.0,
            "yoffset": 0.0
          }
        },
        {
          "value": "Structural,Moderate,highlight",
          "label": "Moderate Structural (Recent)",
          "description": "description",
          "symbol": {
            "type": "esriPMS",
            "url": "https://esa50sjc.nc4.us/nc4maps_resources/icons/structural_moderate_highlight.png",
            "contentType": "image/png",
            "width": 40.0,
            "height": 58.0,
            "angle": 0.0,
            "xoffset": 0.0,
            "yoffset": 0.0
          }
        },
        {
          "value": "Structural,Severe,null",
          "label": "Severe Structural",
          "description": "description",
          "symbol": {
            "type": "esriPMS",
            "url": "https://esa50sjc.nc4.us/nc4maps_resources/icons/structural_severe.png",
            "contentType": "image/png",
            "width": 30.0,
            "height": 47.0,
            "angle": 0.0,
            "xoffset": 0.0,
            "yoffset": 0.0
          }
        },
        {
          "value": "Structural,Severe,highlight",
          "label": "Severe Structural (Recent)",
          "description": "description",
          "symbol": {
            "type": "esriPMS",
            "url": "https://esa50sjc.nc4.us/nc4maps_resources/icons/structural_severe_highlight.png",
            "contentType": "image/png",
            "width": 40.0,
            "height": 58.0,
            "angle": 0.0,
            "xoffset": 0.0,
            "yoffset": 0.0
          }
        },
        {
          "value": "Structural,Extreme,null",
          "label": "Extreme Structural",
          "description": "description",
          "symbol": {
            "type": "esriPMS",
            "url": "https://esa50sjc.nc4.us/nc4maps_resources/icons/structural_extreme.png",
            "contentType": "image/png",
            "width": 30.0,
            "height": 47.0,
            "angle": 0.0,
            "xoffset": 0.0,
            "yoffset": 0.0
          }
        },
        {
          "value": "Structural,Extreme,highlight",
          "label": "Extreme Structural (Recent)",
          "description": "description",
          "symbol": {
            "type": "esriPMS",
            "url": "https://esa50sjc.nc4.us/nc4maps_resources/icons/structural_extreme_highlight.png",
            "contentType": "image/png",
            "width": 40.0,
            "height": 58.0,
            "angle": 0.0,
            "xoffset": 0.0,
            "yoffset": 0.0
          }
        },
        {
          "value": "Terrorism,Unknown,null",
          "label": "Unknown Terrorism",
          "description": "description",
          "symbol": {
            "type": "esriPMS",
            "url": "https://esa50sjc.nc4.us/nc4maps_resources/icons/terrorism_unknown.png",
            "contentType": "image/png",
            "width": 30.0,
            "height": 47.0,
            "angle": 0.0,
            "xoffset": 0.0,
            "yoffset": 0.0
          }
        },
        {
          "value": "Terrorism,Unknown,highlight",
          "label": "Unknown Terrorism (Recent)",
          "description": "description",
          "symbol": {
            "type": "esriPMS",
            "url": "https://esa50sjc.nc4.us/nc4maps_resources/icons/terrorism_unknown_highlight.png",
            "contentType": "image/png",
            "width": 40.0,
            "height": 58.0,
            "angle": 0.0,
            "xoffset": 0.0,
            "yoffset": 0.0
          }
        },
        {
          "value": "Terrorism,Minor,null",
          "label": "Minor Terrorism",
          "description": "description",
          "symbol": {
            "type": "esriPMS",
            "url": "https://esa50sjc.nc4.us/nc4maps_resources/icons/terrorism_minor.png",
            "contentType": "image/png",
            "width": 30.0,
            "height": 47.0,
            "angle": 0.0,
            "xoffset": 0.0,
            "yoffset": 0.0
          }
        },
        {
          "value": "Terrorism,Minor,highlight",
          "label": "Minor Terrorism (Recent)",
          "description": "description",
          "symbol": {
            "type": "esriPMS",
            "url": "https://esa50sjc.nc4.us/nc4maps_resources/icons/terrorism_minor_highlight.png",
            "contentType": "image/png",
            "width": 40.0,
            "height": 58.0,
            "angle": 0.0,
            "xoffset": 0.0,
            "yoffset": 0.0
          }
        },
        {
          "value": "Terrorism,Moderate,null",
          "label": "Moderate Terrorism",
          "description": "description",
          "symbol": {
            "type": "esriPMS",
            "url": "https://esa50sjc.nc4.us/nc4maps_resources/icons/terrorism_moderate.png",
            "contentType": "image/png",
            "width": 30.0,
            "height": 47.0,
            "angle": 0.0,
            "xoffset": 0.0,
            "yoffset": 0.0
          }
        },
        {
          "value": "Terrorism,Moderate,highlight",
          "label": "Moderate Terrorism (Recent)",
          "description": "description",
          "symbol": {
            "type": "esriPMS",
            "url": "https://esa50sjc.nc4.us/nc4maps_resources/icons/terrorism_moderate_highlight.png",
            "contentType": "image/png",
            "width": 40.0,
            "height": 58.0,
            "angle": 0.0,
            "xoffset": 0.0,
            "yoffset": 0.0
          }
        },
        {
          "value": "Terrorism,Severe,null",
          "label": "Severe Terrorism",
          "description": "description",
          "symbol": {
            "type": "esriPMS",
            "url": "https://esa50sjc.nc4.us/nc4maps_resources/icons/terrorism_severe.png",
            "contentType": "image/png",
            "width": 30.0,
            "height": 47.0,
            "angle": 0.0,
            "xoffset": 0.0,
            "yoffset": 0.0
          }
        },
        {
          "value": "Terrorism,Severe,highlight",
          "label": "Severe Terrorism (Recent)",
          "description": "description",
          "symbol": {
            "type": "esriPMS",
            "url": "https://esa50sjc.nc4.us/nc4maps_resources/icons/terrorism_severe_highlight.png",
            "contentType": "image/png",
            "width": 40.0,
            "height": 58.0,
            "angle": 0.0,
            "xoffset": 0.0,
            "yoffset": 0.0
          }
        },
        {
          "value": "Terrorism,Extreme,null",
          "label": "Extreme Terrorism",
          "description": "description",
          "symbol": {
            "type": "esriPMS",
            "url": "https://esa50sjc.nc4.us/nc4maps_resources/icons/terrorism_extreme.png",
            "contentType": "image/png",
            "width": 30.0,
            "height": 47.0,
            "angle": 0.0,
            "xoffset": 0.0,
            "yoffset": 0.0
          }
        },
        {
          "value": "Terrorism,Extreme,highlight",
          "label": "Extreme Terrorism (Recent)",
          "description": "description",
          "symbol": {
            "type": "esriPMS",
            "url": "https://esa50sjc.nc4.us/nc4maps_resources/icons/terrorism_extreme_highlight.png",
            "contentType": "image/png",
            "width": 40.0,
            "height": 58.0,
            "angle": 0.0,
            "xoffset": 0.0,
            "yoffset": 0.0
          }
        },
        {
          "value": "Labor,Unknown,null",
          "label": "Unknown Labor",
          "description": "description",
          "symbol": {
            "type": "esriPMS",
            "url": "https://esa50sjc.nc4.us/nc4maps_resources/icons/labor_unknown.png",
            "contentType": "image/png",
            "width": 30.0,
            "height": 47.0,
            "angle": 0.0,
            "xoffset": 0.0,
            "yoffset": 0.0
          }
        },
        {
          "value": "Labor,Unknown,highlight",
          "label": "Unknown Labor (Recent)",
          "description": "description",
          "symbol": {
            "type": "esriPMS",
            "url": "https://esa50sjc.nc4.us/nc4maps_resources/icons/labor_unknown_highlight.png",
            "contentType": "image/png",
            "width": 40.0,
            "height": 58.0,
            "angle": 0.0,
            "xoffset": 0.0,
            "yoffset": 0.0
          }
        },
        {
          "value": "Labor,Minor,null",
          "label": "Minor Labor",
          "description": "description",
          "symbol": {
            "type": "esriPMS",
            "url": "https://esa50sjc.nc4.us/nc4maps_resources/icons/labor_minor.png",
            "contentType": "image/png",
            "width": 30.0,
            "height": 47.0,
            "angle": 0.0,
            "xoffset": 0.0,
            "yoffset": 0.0
          }
        },
        {
          "value": "Labor,Minor,highlight",
          "label": "Minor Labor (Recent)",
          "description": "description",
          "symbol": {
            "type": "esriPMS",
            "url": "https://esa50sjc.nc4.us/nc4maps_resources/icons/labor_minor_highlight.png",
            "contentType": "image/png",
            "width": 40.0,
            "height": 58.0,
            "angle": 0.0,
            "xoffset": 0.0,
            "yoffset": 0.0
          }
        },
        {
          "value": "Labor,Moderate,null",
          "label": "Moderate Labor",
          "description": "description",
          "symbol": {
            "type": "esriPMS",
            "url": "https://esa50sjc.nc4.us/nc4maps_resources/icons/labor_moderate.png",
            "contentType": "image/png",
            "width": 30.0,
            "height": 47.0,
            "angle": 0.0,
            "xoffset": 0.0,
            "yoffset": 0.0
          }
        },
        {
          "value": "Labor,Moderate,highlight",
          "label": "Moderate Labor (Recent)",
          "description": "description",
          "symbol": {
            "type": "esriPMS",
            "url": "https://esa50sjc.nc4.us/nc4maps_resources/icons/labor_moderate_highlight.png",
            "contentType": "image/png",
            "width": 40.0,
            "height": 58.0,
            "angle": 0.0,
            "xoffset": 0.0,
            "yoffset": 0.0
          }
        },
        {
          "value": "Labor,Severe,null",
          "label": "Severe Labor",
          "description": "description",
          "symbol": {
            "type": "esriPMS",
            "url": "https://esa50sjc.nc4.us/nc4maps_resources/icons/labor_severe.png",
            "contentType": "image/png",
            "width": 30.0,
            "height": 47.0,
            "angle": 0.0,
            "xoffset": 0.0,
            "yoffset": 0.0
          }
        },
        {
          "value": "Labor,Severe,highlight",
          "label": "Severe Labor (Recent)",
          "description": "description",
          "symbol": {
            "type": "esriPMS",
            "url": "https://esa50sjc.nc4.us/nc4maps_resources/icons/labor_severe_highlight.png",
            "contentType": "image/png",
            "width": 40.0,
            "height": 58.0,
            "angle": 0.0,
            "xoffset": 0.0,
            "yoffset": 0.0
          }
        },
        {
          "value": "Labor,Extreme,null",
          "label": "Extreme Labor",
          "description": "description",
          "symbol": {
            "type": "esriPMS",
            "url": "https://esa50sjc.nc4.us/nc4maps_resources/icons/labor_extreme.png",
            "contentType": "image/png",
            "width": 30.0,
            "height": 47.0,
            "angle": 0.0,
            "xoffset": 0.0,
            "yoffset": 0.0
          }
        },
        {
          "value": "Labor,Extreme,highlight",
          "label": "Extreme Labor (Recent)",
          "description": "description",
          "symbol": {
            "type": "esriPMS",
            "url": "https://esa50sjc.nc4.us/nc4maps_resources/icons/labor_extreme_highlight.png",
            "contentType": "image/png",
            "width": 40.0,
            "height": 58.0,
            "angle": 0.0,
            "xoffset": 0.0,
            "yoffset": 0.0
          }
        },
        {
          "value": "Transportation,Unknown,null",
          "label": "Unknown Transportation",
          "description": "description",
          "symbol": {
            "type": "esriPMS",
            "url": "https://esa50sjc.nc4.us/nc4maps_resources/icons/transportation_unknown.png",
            "contentType": "image/png",
            "width": 30.0,
            "height": 47.0,
            "angle": 0.0,
            "xoffset": 0.0,
            "yoffset": 0.0
          }
        },
        {
          "value": "Transportation,Unknown,highlight",
          "label": "Unknown Transportation (Recent)",
          "description": "description",
          "symbol": {
            "type": "esriPMS",
            "url": "https://esa50sjc.nc4.us/nc4maps_resources/icons/transportation_unknown_highlight.png",
            "contentType": "image/png",
            "width": 40.0,
            "height": 58.0,
            "angle": 0.0,
            "xoffset": 0.0,
            "yoffset": 0.0
          }
        },
        {
          "value": "Transportation,Minor,null",
          "label": "Minor Transportation",
          "description": "description",
          "symbol": {
            "type": "esriPMS",
            "url": "https://esa50sjc.nc4.us/nc4maps_resources/icons/transportation_minor.png",
            "contentType": "image/png",
            "width": 30.0,
            "height": 47.0,
            "angle": 0.0,
            "xoffset": 0.0,
            "yoffset": 0.0
          }
        },
        {
          "value": "Transportation,Minor,highlight",
          "label": "Minor Transportation (Recent)",
          "description": "description",
          "symbol": {
            "type": "esriPMS",
            "url": "https://esa50sjc.nc4.us/nc4maps_resources/icons/transportation_minor_highlight.png",
            "contentType": "image/png",
            "width": 40.0,
            "height": 58.0,
            "angle": 0.0,
            "xoffset": 0.0,
            "yoffset": 0.0
          }
        },
        {
          "value": "Transportation,Moderate,null",
          "label": "Moderate Transportation",
          "description": "description",
          "symbol": {
            "type": "esriPMS",
            "url": "https://esa50sjc.nc4.us/nc4maps_resources/icons/transportation_moderate.png",
            "contentType": "image/png",
            "width": 30.0,
            "height": 47.0,
            "angle": 0.0,
            "xoffset": 0.0,
            "yoffset": 0.0
          }
        },
        {
          "value": "Transportation,Moderate,highlight",
          "label": "Moderate Transportation (Recent)",
          "description": "description",
          "symbol": {
            "type": "esriPMS",
            "url": "https://esa50sjc.nc4.us/nc4maps_resources/icons/transportation_moderate_highlight.png",
            "contentType": "image/png",
            "width": 40.0,
            "height": 58.0,
            "angle": 0.0,
            "xoffset": 0.0,
            "yoffset": 0.0
          }
        },
        {
          "value": "Transportation,Severe,null",
          "label": "Severe Transportation",
          "description": "description",
          "symbol": {
            "type": "esriPMS",
            "url": "https://esa50sjc.nc4.us/nc4maps_resources/icons/transportation_severe.png",
            "contentType": "image/png",
            "width": 30.0,
            "height": 47.0,
            "angle": 0.0,
            "xoffset": 0.0,
            "yoffset": 0.0
          }
        },
        {
          "value": "Transportation,Severe,highlight",
          "label": "Severe Transportation (Recent)",
          "description": "description",
          "symbol": {
            "type": "esriPMS",
            "url": "https://esa50sjc.nc4.us/nc4maps_resources/icons/transportation_severe_highlight.png",
            "contentType": "image/png",
            "width": 40.0,
            "height": 58.0,
            "angle": 0.0,
            "xoffset": 0.0,
            "yoffset": 0.0
          }
        },
        {
          "value": "Transportation,Extreme,null",
          "label": "Extreme Transportation",
          "description": "description",
          "symbol": {
            "type": "esriPMS",
            "url": "https://esa50sjc.nc4.us/nc4maps_resources/icons/transportation_extreme.png",
            "contentType": "image/png",
            "width": 30.0,
            "height": 47.0,
            "angle": 0.0,
            "xoffset": 0.0,
            "yoffset": 0.0
          }
        },
        {
          "value": "Transportation,Extreme,highlight",
          "label": "Extreme Transportation (Recent)",
          "description": "description",
          "symbol": {
            "type": "esriPMS",
            "url": "https://esa50sjc.nc4.us/nc4maps_resources/icons/transportation_extreme_highlight.png",
            "contentType": "image/png",
            "width": 40.0,
            "height": 58.0,
            "angle": 0.0,
            "xoffset": 0.0,
            "yoffset": 0.0
          }
        },
        {
          "value": "국제금융,Unknown,null",
          "label": "Unknown 국제금융",
          "description": "description",
          "symbol": {
            "type": "esriPMS",
            "url": "https://esa50sjc.nc4.us/nc4maps_resources/icons/국제금융_unknown.png",
            "contentType": "image/png",
            "width": 30.0,
            "height": 47.0,
            "angle": 0.0,
            "xoffset": 0.0,
            "yoffset": 0.0
          }
        },
        {
          "value": "국제금융,Unknown,highlight",
          "label": "Unknown 국제금융 (Recent)",
          "description": "description",
          "symbol": {
            "type": "esriPMS",
            "url": "https://esa50sjc.nc4.us/nc4maps_resources/icons/국제금융_unknown_highlight.png",
            "contentType": "image/png",
            "width": 40.0,
            "height": 58.0,
            "angle": 0.0,
            "xoffset": 0.0,
            "yoffset": 0.0
          }
        },
        {
          "value": "국제금융,Minor,null",
          "label": "Minor 국제금융",
          "description": "description",
          "symbol": {
            "type": "esriPMS",
            "url": "https://esa50sjc.nc4.us/nc4maps_resources/icons/국제금융_minor.png",
            "contentType": "image/png",
            "width": 30.0,
            "height": 47.0,
            "angle": 0.0,
            "xoffset": 0.0,
            "yoffset": 0.0
          }
        },
        {
          "value": "국제금융,Minor,highlight",
          "label": "Minor 국제금융 (Recent)",
          "description": "description",
          "symbol": {
            "type": "esriPMS",
            "url": "https://esa50sjc.nc4.us/nc4maps_resources/icons/국제금융_minor_highlight.png",
            "contentType": "image/png",
            "width": 40.0,
            "height": 58.0,
            "angle": 0.0,
            "xoffset": 0.0,
            "yoffset": 0.0
          }
        },
        {
          "value": "국제금융,Moderate,null",
          "label": "Moderate 국제금융",
          "description": "description",
          "symbol": {
            "type": "esriPMS",
            "url": "https://esa50sjc.nc4.us/nc4maps_resources/icons/국제금융_moderate.png",
            "contentType": "image/png",
            "width": 30.0,
            "height": 47.0,
            "angle": 0.0,
            "xoffset": 0.0,
            "yoffset": 0.0
          }
        },
        {
          "value": "국제금융,Moderate,highlight",
          "label": "Moderate 국제금융 (Recent)",
          "description": "description",
          "symbol": {
            "type": "esriPMS",
            "url": "https://esa50sjc.nc4.us/nc4maps_resources/icons/국제금융_moderate_highlight.png",
            "contentType": "image/png",
            "width": 40.0,
            "height": 58.0,
            "angle": 0.0,
            "xoffset": 0.0,
            "yoffset": 0.0
          }
        },
        {
          "value": "국제금융,Severe,null",
          "label": "Severe 국제금융",
          "description": "description",
          "symbol": {
            "type": "esriPMS",
            "url": "https://esa50sjc.nc4.us/nc4maps_resources/icons/국제금융_severe.png",
            "contentType": "image/png",
            "width": 30.0,
            "height": 47.0,
            "angle": 0.0,
            "xoffset": 0.0,
            "yoffset": 0.0
          }
        },
        {
          "value": "국제금융,Severe,highlight",
          "label": "Severe 국제금융 (Recent)",
          "description": "description",
          "symbol": {
            "type": "esriPMS",
            "url": "https://esa50sjc.nc4.us/nc4maps_resources/icons/국제금융_severe_highlight.png",
            "contentType": "image/png",
            "width": 40.0,
            "height": 58.0,
            "angle": 0.0,
            "xoffset": 0.0,
            "yoffset": 0.0
          }
        },
        {
          "value": "국제금융,Extreme,null",
          "label": "Extreme 국제금융",
          "description": "description",
          "symbol": {
            "type": "esriPMS",
            "url": "https://esa50sjc.nc4.us/nc4maps_resources/icons/국제금융_extreme.png",
            "contentType": "image/png",
            "width": 30.0,
            "height": 47.0,
            "angle": 0.0,
            "xoffset": 0.0,
            "yoffset": 0.0
          }
        },
        {
          "value": "국제금융,Extreme,highlight",
          "label": "Extreme 국제금융 (Recent)",
          "description": "description",
          "symbol": {
            "type": "esriPMS",
            "url": "https://esa50sjc.nc4.us/nc4maps_resources/icons/국제금융_extreme_highlight.png",
            "contentType": "image/png",
            "width": 40.0,
            "height": 58.0,
            "angle": 0.0,
            "xoffset": 0.0,
            "yoffset": 0.0
          }
        }
      ]
    },
    "transparency": 0
  },
  "hasAttachments": false,
  "htmlPopupType": "esriServerHTMLPopupTypeAsHTMLText",
  "capabilities": "Query",
  "fields": [
    {
      "name": "incactivityid",
      "type": "esriFieldTypeOID",
      "alias": "Incident Activity ID",
      "editable": false,
      "length": 100,
      "isRequired": true
    },
    {
      "name": "channel",
      "type": "esriFieldTypeString",
      "alias": "Channel",
      "editable": false,
      "length": 100,
      "isRequired": true
    },
    {
      "name": "sensitivity",
      "type": "esriFieldTypeString",
      "alias": "Sensitivty",
      "editable": false,
      "length": 100,
      "isRequired": true
    },
    {
      "name": "category",
      "type": "esriFieldTypeString",
      "alias": "Category",
      "editable": false,
      "length": 100,
      "isRequired": true
    },
    {
      "name": "city",
      "type": "esriFieldTypeString",
      "alias": "City",
      "editable": false,
      "length": 100,
      "isRequired": true
    },
    {
      "name": "updateddate",
      "type": "esriFieldTypeString",
      "alias": "Updated Date",
      "editable": false,
      "length": 100,
      "isRequired": true
    },
    {
      "name": "inctype",
      "type": "esriFieldTypeString",
      "alias": "Type",
      "editable": false,
      "length": 100,
      "isRequired": true
    },
    {
      "name": "dateoccurred",
      "type": "esriFieldTypeString",
      "alias": "Date Occurred",
      "editable": false,
      "length": 100,
      "isRequired": true
    },
    {
      "name": "nc4editable",
      "type": "esriFieldTypeString",
      "alias": "Editable",
      "editable": false,
      "length": 100,
      "isRequired": true
    },
    {
      "name": "stateprovince",
      "type": "esriFieldTypeString",
      "alias": "State or Province",
      "editable": false,
      "length": 100,
      "isRequired": true
    },
    {
      "name": "gist",
      "type": "esriFieldTypeString",
      "alias": "GIST",
      "editable": false,
      "length": 100,
      "isRequired": true
    },
    {
      "name": "animationOrHighlightSuffix",
      "type": "esriFieldTypeString",
      "alias": "animationOrHighlightSuffix",
      "editable": false,
      "length": 100,
      "isRequired": true
    },
    {
      "name": "incidentid",
      "type": "esriFieldTypeString",
      "alias": "Incident ID",
      "editable": false,
      "length": 100,
      "isRequired": true
    },
    {
      "name": "infosource",
      "type": "esriFieldTypeString",
      "alias": "Info Source",
      "editable": false,
      "length": 100,
      "isRequired": true
    },
    {
      "name": "description",
      "type": "esriFieldTypeString",
      "alias": "Description",
      "editable": false,
      "length": 100,
      "isRequired": true
    },
    {
      "name": "severity",
      "type": "esriFieldTypeString",
      "alias": "Severity",
      "editable": false,
      "length": 100,
      "isRequired": true
    },
    {
      "name": "country",
      "type": "esriFieldTypeString",
      "alias": "Country",
      "editable": false,
      "length": 100,
      "isRequired": true
    },
    {
      "name": "latitude",
      "type": "esriFieldTypeString",
      "alias": "Latitude",
      "editable": false,
      "length": 100,
      "isRequired": true
    },
    {
      "name": "longitude",
      "type": "esriFieldTypeString",
      "alias": "Longitude",
      "editable": false,
      "length": 100,
      "isRequired": true
    }
  ],
  "objectIdField": "incactivityid"
}