[
  {
    "maxlevel": 3,
    "agreedtotermsofuse": 1,
    "tsadminorgs": [
      {
        "id": "3012",
        "label": "Demo Company 3012"
      }
    ],
    "adminorgs": "851160c9a6faa0a1f9021fb9238a486a,852295a5a6faa0a1f9021fb92385735b,852e7939a6faa0a1f9021fb9238494d5,c9d4f41a6f3c0a1f90391cb2599b761c",
    "corporateemail": "Shawna.Nomura@nc4.com",
    "isnc4": 1,
    "emailaddress": "Shawna.Nomura@nc4.com",
    "transecurorgid": "3012",
    "isnimc": 0,
    "nc4loginid": "ABE Admin",
    "organizationid": "c9d4f41a6f3c0a1f90391cb2599b761c",
    "orgfeatures": "ActivWeather Map,AnalysisPackage,CAP,Cybertech India,GTI,INTERNATIONAL,ISA,MOBILE,NRC,REST_API,SpecialEvents,WeatherBug,NRCTHEMEEDITOR,ORGADMIN,XMLDEVICE,AUTOIMPACT",
    "orgname": "ABE",
    "issysadmin": 0,
    "transecurorgname": "Demo Company 3012",
    "isunrestrictedauthor": 0,
    "usergroups": "9307A1594A8D4AA6841054E9AAC8984B,c9d5013a6f3c0a1f90391cb2b52de35c",
    "usertz": "America/New_York",
    "fullname": "ABE Admin",
    "unitofmeasure": "mi",
    "memberid": "c9d5624a6f3c0a1f90391cb2bf8b0702"
  }
]