{
  "MetaData": {
    "ResourcesUsed": 8
  },
  "Result": [
    {
      "region": "North America",
      "country": "United States",
      "riskRating": 2,
      "travelersCount": 21,
      "atLocation": 19,
      "enRoute": 2,
      "travelers": [
        {
          "id": "6QTFPI-",
          "city": "Dallas",
          "email": [
            {
              "isPrimary": true,
              "type": "unknown",
              "email": "sampleactivtravelalerts@nc4.com"
            }
          ],
          "type": "TRAVELER",
          "fullName": "Michael Mckenzie",
          "firstName": "Michael",
          "lastName": "Mckenzie",
          "endDate": "2018-08-24T20:45:00",
          "startDate": "2018-08-03T22:15:00",
          "arrivalDate": "2018-08-05T05:59:00",
          "departureDate": "2018-08-16T06:00:00",
          "locationType": "lodging",
          "locationName": "WESTIN DALLAS PARK CENTRAL"
        },
        {
          "id": "QVWCIJ-",
          "city": "Dallas",
          "email": [
            {
              "isPrimary": true,
              "type": "unknown",
              "email": "sampleactivtravelalerts@nc4.com"
            }
          ],
          "type": "TRAVELER",
          "fullName": "Esther Underwood",
          "firstName": "Esther",
          "lastName": "Underwood",
          "endDate": "2018-08-21T14:15:00",
          "startDate": "2018-08-11T01:50:00",
          "arrivalDate": "2018-08-12T05:59:00",
          "departureDate": "2018-08-16T06:00:00",
          "locationType": "lodging",
          "locationName": "WESTIN DALLAS PARK CENTRAL"
        },
        {
          "id": "9FGPQH-",
          "city": "San Antonio",
          "email": [
            {
              "isPrimary": true,
              "type": "unknown",
              "email": "sampleactivtravelalerts@nc4.com"
            }
          ],
          "type": "TRAVELER",
          "fullName": "Floyd Arnold",
          "firstName": "Floyd",
          "lastName": "Arnold",
          "endDate": "2018-08-22T05:36:00",
          "startDate": "2018-08-05T14:45:00",
          "arrivalDate": "2018-08-06T05:59:00",
          "departureDate": "2018-08-21T06:00:00",
          "locationType": "lodging",
          "locationName": "HOMEWOOD SUITES SAN ANTONIO NW"
        },
        {
          "id": "2EDCQP-",
          "city": "Dallas",
          "email": [
            {
              "isPrimary": true,
              "type": "unknown",
              "email": "sampleactivtravelalerts@nc4.com"
            }
          ],
          "type": "TRAVELER",
          "fullName": "Anne Lee",
          "firstName": "Anne",
          "lastName": "Lee",
          "endDate": "2018-08-22T13:05:00",
          "startDate": "2018-08-10T14:35:00",
          "arrivalDate": "2018-08-12T05:59:00",
          "departureDate": "2018-08-21T06:00:00",
          "locationType": "lodging",
          "locationName": "EMBASSY STES DALLAS PARK CNTL"
        },
        {
          "id": "AWJBAF-",
          "city": "Sunnyvale",
          "email": [
            {
              "isPrimary": true,
              "type": "unknown",
              "email": "sampleactivtravelalerts@nc4.com"
            }
          ],
          "type": "TRAVELER",
          "fullName": "Joel Vaughn",
          "firstName": "Joel",
          "lastName": "Vaughn",
          "endDate": "2018-08-22T13:10:00",
          "startDate": "2018-08-12T12:50:00",
          "arrivalDate": "2018-08-13T07:59:00",
          "departureDate": "2018-08-21T08:00:00",
          "locationType": "lodging",
          "locationName": "COUNTRY INN"
        },
        {
          "id": "6PX1GJ-",
          "city": "Dallas",
          "email": [
            {
              "isPrimary": true,
              "type": "unknown",
              "email": "sampleactivtravelalerts@nc4.com"
            }
          ],
          "type": "TRAVELER",
          "fullName": "Leslie Olson",
          "firstName": "Leslie",
          "lastName": "Olson",
          "endDate": "2018-08-22T13:05:00",
          "startDate": "2018-08-10T14:35:00",
          "arrivalDate": "2018-08-12T05:59:00",
          "departureDate": "2018-08-21T06:00:00",
          "locationType": "lodging",
          "locationName": "EMBASSY STES DALLAS PARK CNTL"
        },
        {
          "id": "BA9VC1-",
          "city": "Dallas",
          "email": [
            {
              "isPrimary": true,
              "type": "unknown",
              "email": "sampleactivtravelalerts@nc4.com"
            }
          ],
          "type": "TRAVELER",
          "fullName": "Eddie Carlson",
          "firstName": "Eddie",
          "lastName": "Carlson",
          "endDate": "2018-08-25T20:45:00",
          "startDate": "2018-08-09T22:15:00",
          "arrivalDate": "2018-08-11T05:59:00",
          "departureDate": "2018-08-20T06:00:00",
          "locationType": "lodging",
          "locationName": "RESIDENCE INN MARRIOTT PARK CE"
        },
        {
          "id": "PYLO7G-",
          "city": "Phoenix",
          "email": [
            {
              "isPrimary": true,
              "type": "unknown",
              "email": "sampleactivtravelalerts@nc4.com"
            }
          ],
          "type": "TRAVELER",
          "fullName": "Harvey Summers",
          "firstName": "Harvey",
          "lastName": "Summers",
          "endDate": "2018-08-23T22:38:00",
          "startDate": "2018-08-12T12:07:00",
          "arrivalDate": "2018-08-13T06:59:00",
          "departureDate": "2018-08-23T07:00:00",
          "locationType": "lodging",
          "locationName": "HOMEWOOD STE PHOENIX HAPPY VLY"
        },
        {
          "id": "4B415J-",
          "city": "Grand Rapids",
          "email": [
            {
              "isPrimary": true,
              "type": "unknown",
              "email": "sampleactivtravelalerts@nc4.com"
            }
          ],
          "type": "TRAVELER",
          "fullName": "Jamie Mckenzie",
          "firstName": "Jamie",
          "lastName": "Mckenzie",
          "endDate": "2018-09-01T18:55:00",
          "startDate": "2018-08-10T20:05:00",
          "arrivalDate": "2018-08-11T04:59:00",
          "departureDate": "2018-08-28T05:00:00",
          "locationType": "lodging",
          "locationName": "JW MARRIOTT GRAND RAPIDS"
        },
        {
          "id": "3W7VJE-",
          "city": "Fort Worth",
          "email": [
            {
              "isPrimary": true,
              "type": "unknown",
              "email": "sampleactivtravelalerts@nc4.com"
            }
          ],
          "type": "TRAVELER",
          "fullName": "Harry Henry",
          "firstName": "Harry",
          "lastName": "Henry",
          "endDate": "2018-08-24T17:56:00",
          "startDate": "2018-08-12T11:14:00",
          "arrivalDate": "2018-08-12T17:39:00",
          "departureDate": "2018-08-14T22:30:00",
          "locationType": "rental",
          "locationName": "Enterprise"
        },
        {
          "id": "7XMZK6-",
          "city": "Fort Worth",
          "email": [
            {
              "isPrimary": true,
              "type": "unknown",
              "email": "sampleactivtravelalerts@nc4.com"
            }
          ],
          "type": "TRAVELER",
          "fullName": "Franklin Patterson",
          "firstName": "Franklin",
          "lastName": "Patterson",
          "endDate": "2018-08-25T04:05:00",
          "startDate": "2018-08-10T06:00:00",
          "arrivalDate": "2018-08-10T20:15:00",
          "departureDate": "2018-08-17T20:15:00",
          "locationType": "rental",
          "locationName": "AVIS"
        },
        {
          "id": "O6X0CM-",
          "city": "Phoenix",
          "email": [
            {
              "isPrimary": true,
              "type": "unknown",
              "email": "sampleactivtravelalerts@nc4.com"
            }
          ],
          "type": "TRAVELER",
          "fullName": "Zachary Mack",
          "firstName": "Zachary",
          "lastName": "Mack",
          "endDate": "2018-08-21T00:40:00",
          "startDate": "2018-08-11T15:15:00",
          "arrivalDate": "2018-08-11T17:45:00",
          "departureDate": "2018-08-20T22:40:00",
          "locationType": "rental",
          "locationName": "Budget"
        },
        {
          "id": "BT798G-",
          "city": "Durango",
          "email": [
            {
              "isPrimary": true,
              "type": "unknown",
              "email": "sampleactivtravelalerts@nc4.com"
            }
          ],
          "type": "TRAVELER",
          "fullName": "Phyllis Rivera",
          "firstName": "Phyllis",
          "lastName": "Rivera",
          "endDate": "2018-08-21T19:45:00",
          "startDate": "2018-08-11T14:25:00",
          "arrivalDate": "2018-08-11T19:40:00",
          "departureDate": "2018-08-21T14:46:00",
          "locationType": "rental",
          "locationName": "National"
        },
        {
          "id": "XKAY2F-",
          "city": "Fort Worth",
          "email": [
            {
              "isPrimary": true,
              "type": "unknown",
              "email": "sampleactivtravelalerts@nc4.com"
            }
          ],
          "type": "TRAVELER",
          "fullName": "Brett Santiago",
          "firstName": "Brett",
          "lastName": "Santiago",
          "endDate": "2018-08-22T06:40:00",
          "startDate": "2018-08-12T06:00:00",
          "arrivalDate": "2018-08-12T20:15:00",
          "departureDate": "2018-08-21T16:50:00",
          "locationType": "rental",
          "locationName": "AVIS"
        },
        {
          "id": "SNJUN13A",
          "city": "Fort Worth",
          "email": [
            {
              "isPrimary": true,
              "type": "unknown",
              "email": "Matthew.Smith@supertao.com"
            }
          ],
          "type": "TRAVELER",
          "fullName": "Matthew Smith",
          "firstName": "Matthew",
          "lastName": "Smith",
          "endDate": "2018-08-23T02:48:00",
          "startDate": "2018-08-09T05:00:00",
          "arrivalDate": "2018-08-09T05:00:00",
          "departureDate": "2018-08-22T05:00:00",
          "locationType": "rental",
          "locationName": "Hertz"
        },
        {
          "id": "SNJUN13D",
          "city": "Fort Worth",
          "email": [
            {
              "isPrimary": true,
              "type": "unknown",
              "email": "msteward@supertao.com"
            }
          ],
          "type": "TRAVELER",
          "fullName": "Mark Steward",
          "firstName": "Mark",
          "lastName": "Steward",
          "endDate": "2018-08-23T05:48:00",
          "startDate": "2018-08-08T07:00:00",
          "arrivalDate": "2018-08-09T05:00:00",
          "departureDate": "2018-08-22T05:00:00",
          "locationType": "rental",
          "locationName": "Hertz"
        },
        {
          "id": "BLPB6I-",
          "city": "Durango",
          "email": [
            {
              "isPrimary": true,
              "type": "unknown",
              "email": "sampleactivtravelalerts@nc4.com"
            }
          ],
          "type": "TRAVELER",
          "fullName": "Russell Wilkins",
          "firstName": "Russell",
          "lastName": "Wilkins",
          "endDate": "2018-08-26T18:28:00",
          "startDate": "2018-08-11T19:13:00",
          "arrivalDate": "2018-08-12T02:48:00",
          "departureDate": "2018-08-26T13:15:00",
          "locationType": "rental",
          "locationName": "National"
        },
        {
          "id": "0MASVL-",
          "city": "Grand Rapids",
          "email": [
            {
              "isPrimary": true,
              "type": "unknown",
              "email": "sampleactivtravelalerts@nc4.com"
            }
          ],
          "type": "TRAVELER",
          "fullName": "Stella Mills",
          "firstName": "Stella",
          "lastName": "Mills",
          "endDate": "2018-08-29T03:00:00",
          "startDate": "2018-08-10T20:05:00",
          "arrivalDate": "2018-08-11T04:30:00",
          "departureDate": "2018-08-28T09:00:00",
          "locationType": "rental",
          "locationName": "AVIS"
        },
        {
          "id": "cathy test 0814",
          "city": "Fort Worth",
          "email": [],
          "type": "TRAVELER",
          "fullName": "cindy yan",
          "firstName": "cindy",
          "lastName": "yan",
          "endDate": "2018-08-13T07:00:00",
          "startDate": "2018-08-13T07:00:00",
          "arrivalDate": "2018-08-15T04:59:00",
          "departureDate": "2018-08-13T07:00:00",
          "locationType": "airport",
          "locationName": "Dallas Intl"
        },
        {
          "id": "cathy test 0814-1",
          "city": "Fort Worth",
          "email": [
            {
              "isPrimary": true,
              "type": "unknown",
              "email": "cindy.yan@canviz.com"
            }
          ],
          "type": "TRAVELER",
          "fullName": "cindy yan",
          "firstName": "cindy",
          "lastName": "yan",
          "endDate": "2018-08-15T01:59:00",
          "startDate": "2018-08-13T07:00:00",
          "arrivalDate": "2018-08-15T01:59:00",
          "departureDate": "2018-08-13T07:00:00",
          "locationType": "airport",
          "locationName": "Dallas Intl"
        },
        {
          "id": "cathy test 0814-3",
          "city": "Fort Worth",
          "email": [
            {
              "isPrimary": true,
              "type": "unknown",
              "email": "cindy.yan@canviz.com"
            }
          ],
          "type": "TRAVELER",
          "fullName": "cindy yan",
          "firstName": "cindy",
          "lastName": "yan",
          "endDate": "2018-08-13T20:00:00",
          "startDate": "2018-08-12T07:00:00",
          "arrivalDate": "2018-08-13T20:00:00",
          "departureDate": "2018-08-12T07:00:00",
          "locationType": "airport",
          "locationName": "Dallas Intl"
        }
      ]
    },
    {
      "region": "Asia",
      "country": "China",
      "riskRating": 3,
      "travelersCount": 2,
      "atLocation": 2,
      "enRoute": 0,
      "travelers": [
        {
          "id": "67HP2X-",
          "city": "Shenzhen",
          "email": [
            {
              "isPrimary": true,
              "type": "unknown",
              "email": "sampleactivtravelalerts@nc4.com"
            }
          ],
          "type": "TRAVELER",
          "fullName": "Charles Williamson",
          "firstName": "Charles",
          "lastName": "Williamson",
          "endDate": "2018-08-26T14:35:00",
          "startDate": "2018-08-10T21:15:00",
          "arrivalDate": "2018-08-11T15:59:00",
          "departureDate": "2018-08-15T16:00:00",
          "locationType": "lodging",
          "locationName": "SHERATON SHENZHEN FUTIAN HOTEL"
        },
        {
          "id": "ORBGBM-",
          "city": "Beijing",
          "email": [
            {
              "isPrimary": true,
              "type": "unknown",
              "email": "sampleactivtravelalerts@nc4.com"
            }
          ],
          "type": "TRAVELER",
          "fullName": "Terry Williamson",
          "firstName": "Terry",
          "lastName": "Williamson",
          "endDate": "2018-08-21T22:40:00",
          "startDate": "2018-08-12T17:00:00",
          "arrivalDate": "2018-08-13T15:59:00",
          "departureDate": "2018-08-20T16:00:00",
          "locationType": "lodging",
          "locationName": "CROWNE PLAZA ZHONGGUANCUN"
        }
      ]
    },
    {
      "region": "Asia",
      "country": "Japan",
      "riskRating": 2,
      "travelersCount": 2,
      "atLocation": 2,
      "enRoute": 0,
      "travelers": [
        {
          "id": "V4VWGS-",
          "city": "Tokyo",
          "email": [
            {
              "isPrimary": true,
              "type": "unknown",
              "email": "sampleactivtravelalerts@nc4.com"
            }
          ],
          "type": "TRAVELER",
          "fullName": "Audrey Abbott",
          "firstName": "Audrey",
          "lastName": "Abbott",
          "endDate": "2018-08-26T21:05:00",
          "startDate": "2018-08-12T14:59:00",
          "arrivalDate": "2018-08-13T14:59:00",
          "departureDate": "2018-08-16T15:00:00",
          "locationType": "lodging",
          "locationName": "HILTON TOKYO"
        },
        {
          "id": "4OSTOI-",
          "city": "Tokyo",
          "email": [
            {
              "isPrimary": true,
              "type": "unknown",
              "email": "sampleactivtravelalerts@nc4.com"
            }
          ],
          "type": "TRAVELER",
          "fullName": "Jorge Rogers",
          "firstName": "Jorge",
          "lastName": "Rogers",
          "endDate": "2018-08-21T20:32:00",
          "startDate": "2018-08-12T12:10:00",
          "arrivalDate": "2018-08-13T14:59:00",
          "departureDate": "2018-08-18T15:00:00",
          "locationType": "lodging",
          "locationName": "THE PRINCE SAKURA TOWER TOKYO"
        }
      ]
    },
    {
      "region": "Africa",
      "country": "Morocco",
      "riskRating": 3,
      "travelersCount": 1,
      "atLocation": 1,
      "enRoute": 0,
      "travelers": [
        {
          "id": "784XXR-",
          "city": "Marrakech",
          "email": [
            {
              "isPrimary": true,
              "type": "unknown",
              "email": "sampleactivtravelalerts@nc4.com"
            }
          ],
          "type": "TRAVELER",
          "fullName": "Jeanne Ruiz",
          "firstName": "Jeanne",
          "lastName": "Ruiz",
          "endDate": "2018-08-21T22:15:00",
          "startDate": "2018-08-11T15:50:00",
          "arrivalDate": "2018-08-11T23:59:00",
          "departureDate": "2018-08-21T00:00:00",
          "locationType": "lodging",
          "locationName": "MOVENPICK MANSOUR EDDAHBI MARRAKECH"
        }
      ]
    },
    {
      "region": "Europe",
      "country": "United Kingdom",
      "riskRating": 2,
      "travelersCount": 1,
      "atLocation": 0,
      "enRoute": 1,
      "travelers": [
        {
          "id": "JEGZML-",
          "city": "London",
          "email": [
            {
              "isPrimary": true,
              "type": "unknown",
              "email": "sampleactivtravelalerts@nc4.com"
            }
          ],
          "type": "TRAVELER",
          "fullName": "Tina Wolfe",
          "firstName": "Tina",
          "lastName": "Wolfe",
          "endDate": "2018-08-22T02:15:00",
          "startDate": "2018-08-13T20:11:00",
          "arrivalDate": "2018-08-14T07:25:00",
          "departureDate": "2018-08-13T22:20:00",
          "locationType": "airport",
          "locationName": "London Heathrow"
        }
      ]
    },
    {
      "region": "Europe",
      "country": "Germany",
      "riskRating": 2,
      "travelersCount": 1,
      "atLocation": 0,
      "enRoute": 1,
      "travelers": [
        {
          "id": "3Y8UV0-",
          "city": "Munich",
          "email": [
            {
              "isPrimary": true,
              "type": "unknown",
              "email": "sampleactivtravelalerts@nc4.com"
            }
          ],
          "type": "TRAVELER",
          "fullName": "Hazel Luna",
          "firstName": "Hazel",
          "lastName": "Luna",
          "endDate": "2018-08-21T21:38:00",
          "startDate": "2018-08-13T18:30:00",
          "arrivalDate": "2018-08-14T08:10:00",
          "departureDate": "2018-08-13T22:50:00",
          "locationType": "airport",
          "locationName": "Munich"
        }
      ]
    },
    {
      "region": "Oceania",
      "country": "Australia",
      "riskRating": 2,
      "travelersCount": 2,
      "atLocation": 2,
      "enRoute": 0,
      "travelers": [
        {
          "id": "4V6HNF-",
          "city": "Darwin",
          "email": [
            {
              "isPrimary": true,
              "type": "unknown",
              "email": "sampleactivtravelalerts@nc4.com"
            }
          ],
          "type": "TRAVELER",
          "fullName": "Andre Griffith",
          "firstName": "Andre",
          "lastName": "Griffith",
          "endDate": "2018-08-23T08:30:00",
          "startDate": "2018-08-10T22:40:00",
          "arrivalDate": "2018-08-11T14:29:00",
          "departureDate": "2018-08-22T14:30:00",
          "locationType": "lodging",
          "locationName": "ADINA DARWIN WATERFRONT"
        },
        {
          "id": "TWATIC-",
          "city": "Perth",
          "email": [
            {
              "isPrimary": true,
              "type": "unknown",
              "email": "sampleactivtravelalerts@nc4.com"
            }
          ],
          "type": "TRAVELER",
          "fullName": "Eugene Wagner",
          "firstName": "Eugene",
          "lastName": "Wagner",
          "endDate": "2018-08-23T10:50:00",
          "startDate": "2018-08-14T07:35:00",
          "arrivalDate": "2018-08-14T07:35:00",
          "departureDate": "2018-08-14T11:25:00",
          "locationType": "airport",
          "locationName": "Perth"
        }
      ]
    },
    {
      "region": "Asia",
      "country": "Hong Kong-China",
      "riskRating": 2,
      "travelersCount": 1,
      "atLocation": 1,
      "enRoute": 0,
      "travelers": [
        {
          "id": "C0VZRT-",
          "city": "Yau Tsim Mong",
          "email": [
            {
              "isPrimary": true,
              "type": "unknown",
              "email": "sampleactivtravelalerts@nc4.com"
            }
          ],
          "type": "TRAVELER",
          "fullName": "Danielle Green",
          "firstName": "Danielle",
          "lastName": "Green",
          "endDate": "2018-08-23T00:25:00",
          "startDate": "2018-08-11T01:50:00",
          "arrivalDate": "2018-08-11T15:59:00",
          "departureDate": "2018-08-21T16:00:00",
          "locationType": "lodging",
          "locationName": "ROYAL PLAZA HOTEL"
        }
      ]
    }
  ]
}
