{
    "MetaData": {
      "ResourcesUsed": 1
    },
    "Result": [
      {
        "regions": [
          {
            "regionId": "E04CBE38AA0D4E5388F05E4EE5EED7D7",
            "regionName": "Central America"
          },
          {
            "regionId": "28E6B3EE2FA1473290621FDE368BCCC0",
            "regionName": "North America"
          },
          {
            "regionId": "347043016E76416DB47C552A4B328FD1",
            "regionName": "Oceania"
          },
          {
            "regionId": "3735C13406874F1AA09A56A0DCA979B6",
            "regionName": "Middle East"
          },
          {
            "regionId": "C58FFA69F64749999FCD78EAC7A864BC",
            "regionName": "South America"
          },
          {
            "regionId": "8E3A7A8A1753457786EEBDBCE26DF5C5",
            "regionName": "Europe"
          },
          {
            "regionId": "0C195EA5BF9D4390AA678808E467BC54",
            "regionName": "Asia"
          },
          {
            "regionId": "264047C49B464D008623AB719D8C9838",
            "regionName": "Africa"
          }
        ]
      }
    ],
    "FailureResponse": null
  }