{
    "MetaData": {
      "ResourcesUsed": 1
    },
    "Result": [
      {
        "countries": [
          {
            "countryId": "780E1ABCD97A4D69A600E92ED8C4FF71",
            "countryIso": "BLZ",
            "countryName": "Belize"
          },
          {
            "countryId": "8C447032332B4825ADAD1095F7975518",
            "countryIso": "LSO",
            "countryName": "Lesotho"
          },
          {
            "countryId": "C16D21EA871043A68D99B70B761DFC70",
            "countryIso": "GUM",
            "countryName": "Guam"
          },
          {
            "countryId": "06AC305A39C04A13904B7B95165915A5",
            "countryIso": "ESH",
            "countryName": "Western Sahara"
          },
          {
            "countryId": "2AA6E70700224F2D80DE0171FAB7141F",
            "countryIso": "NZL",
            "countryName": "New Zealand"
          },
          {
            "countryId": "338D98E9EB9B42EFBF3CCB1E71D711C5",
            "countryIso": "VIR",
            "countryName": "United States Virgin Islands"
          },
          {
            "countryId": "8733CD8C7F724C9284F8FBAFECE85D22",
            "countryIso": "ANT",
            "countryName": "Netherlands Antilles"
          },
          {
            "countryId": "67A7A058698143B9A31199121AE03DC6",
            "countryIso": "SVN",
            "countryName": "Slovenia"
          },
          {
            "countryId": "27D74A9A89F3429088974D303EAD5D65",
            "countryIso": "MDV",
            "countryName": "Maldives"
          },
          {
            "countryId": "F874448ACA2541E48E9C4714D6CDC760",
            "countryIso": "USA",
            "countryName": "United States"
          },
          {
            "countryId": "520C5056337C48D6967D1D2950B6CBAF",
            "countryIso": "COD",
            "countryName": "Congo, Democratic Republic"
          },
          {
            "countryId": "FF03BB5423084C6D97CE922A9C3A7BC2",
            "countryIso": "RUS",
            "countryName": "Russian Federation"
          },
          {
            "countryId": "AF87AB4E563E423583EA0B760E173EE5",
            "countryIso": "ZMB",
            "countryName": "Zambia"
          },
          {
            "countryId": "15104FDBB49C4E0CA34443707D531CE9",
            "countryIso": "GRC",
            "countryName": "Greece"
          },
          {
            "countryId": "BEE4A93BC61745BF804C3BE6F33AA80E",
            "countryIso": "VEN",
            "countryName": "Venezuela"
          },
          {
            "countryId": "638C53772CFD45F393D06974C98BCB47",
            "countryIso": "DEU",
            "countryName": "Germany"
          },
          {
            "countryId": "1E34293EA0DE45A199A57D92BBB4C515",
            "countryIso": "SLV",
            "countryName": "El Salvador"
          },
          {
            "countryId": "9310E03F22334CB38A75840D80DA1439",
            "countryIso": "NAM",
            "countryName": "Namibia"
          },
          {
            "countryId": "99AFB972D6484E01AB5316591E25A20A",
            "countryIso": "GTM",
            "countryName": "Guatemala"
          },
          {
            "countryId": "6A9135DBAA0D46828BF43F4A6D03DD0B",
            "countryIso": "CMR",
            "countryName": "Cameroon"
          },
          {
            "countryId": "3AB1826CA77A444C98F1662A41B31944",
            "countryIso": "ARG",
            "countryName": "Argentina"
          },
          {
            "countryId": "6318BD08D71946C79655EA0A9E15F37D",
            "countryIso": "MKD",
            "countryName": "Macedonia"
          },
          {
            "countryId": "7EC51FD574A149EBB1154C9AD182BE02",
            "countryIso": "COL",
            "countryName": "Colombia"
          },
          {
            "countryId": "44CB544697404EE28140AF0E7A7364FE",
            "countryIso": "MOZ",
            "countryName": "Mozambique"
          },
          {
            "countryId": "408F7ACAD13A4451BD77610B04C987C0",
            "countryIso": "BGD",
            "countryName": "Bangladesh"
          },
          {
            "countryId": "88E0D1301BC74AF98F72C8AE38C153A3",
            "countryIso": "LAO",
            "countryName": "Laos"
          },
          {
            "countryId": "9AA56095122244BBB4D4948AD3474FEB",
            "countryIso": "PRY",
            "countryName": "Paraguay"
          },
          {
            "countryId": "0DD2D46D73E04DE384F4A802BE9B4917",
            "countryIso": "PAK",
            "countryName": "Pakistan"
          },
          {
            "countryId": "2202C7EC146043FBBD86F909FEAEDD7D",
            "countryIso": "UGA",
            "countryName": "Uganda"
          },
          {
            "countryId": "596F88268A15496BA1DAD0ED5DE647FA",
            "countryIso": "LVA",
            "countryName": "Latvia"
          },
          {
            "countryId": "E65CAD17F33842AF8BCAD2A71667A3FD",
            "countryIso": "MEX",
            "countryName": "Mexico"
          },
          {
            "countryId": "41435D1C41FC4370A3C1C88B937AB168",
            "countryIso": "HUN",
            "countryName": "Hungary"
          },
          {
            "countryId": "5B98D48C53FF414EAEDBD07A1CBC5F0D",
            "countryIso": "MLI",
            "countryName": "Mali"
          },
          {
            "countryId": "11AAC53AF4C44352AEA5A9EC4A4E5D3B",
            "countryIso": "NOR",
            "countryName": "Norway"
          },
          {
            "countryId": "DAFD05BF75754440A62CBEC2B336B1D0",
            "countryIso": "IND",
            "countryName": "India"
          },
          {
            "countryId": "16FFB0CE70D045AEA1BE42C1A2951C24",
            "countryIso": "AGO",
            "countryName": "Angola"
          },
          {
            "countryId": "1C4873932B824513988845AB57470B55",
            "countryIso": "SLE",
            "countryName": "Sierra Leone"
          },
          {
            "countryId": "8FF1B40274F44920ADDBE8AB2F121012",
            "countryIso": "CHE",
            "countryName": "Switzerland"
          },
          {
            "countryId": "12069E460FF542A5B89714F6981942D0",
            "countryIso": "SOM",
            "countryName": "Somalia"
          },
          {
            "countryId": "11CB99AA1B7A406AA03EFF1CACFB69CA",
            "countryIso": "EGY",
            "countryName": "Egypt"
          },
          {
            "countryId": "275029C150DF4109BA0700232D715956",
            "countryIso": "STP",
            "countryName": "Sao Tome and Principe"
          },
          {
            "countryId": "790EC818C3D44F569EBFA1FBEF9201F7",
            "countryIso": "MMR",
            "countryName": "Myanmar"
          },
          {
            "countryId": "82348D0F5F324CA2BF7E12605AF05C91",
            "countryIso": "PHL",
            "countryName": "Philippines"
          },
          {
            "countryId": "9AB7598DE9DA4C6B97B64BA08F57D1AD",
            "countryIso": "MNE",
            "countryName": "Montenegro"
          },
          {
            "countryId": "1D77B9DA5E6C4EEB9A88F8F0B783F17D",
            "countryIso": "BEL",
            "countryName": "Belgium"
          },
          {
            "countryId": "25626E670646483E89F3D1D5B003EFCE",
            "countryIso": "RWA",
            "countryName": "Rwanda"
          },
          {
            "countryId": "0AC45ACCA1CA4E989865C99764BA3969",
            "countryIso": "PAN",
            "countryName": "Panama"
          },
          {
            "countryId": "86AEB5F5031B4AF0A977BDCDDDA3DD2F",
            "countryIso": "COM",
            "countryName": "Comoros"
          },
          {
            "countryId": "91C05095CFDD4E9D8689DCBA0C82B86D",
            "countryIso": "XKX",
            "countryName": "Kosovo"
          },
          {
            "countryId": "D44C73D7844B41F08341D5108CB91076",
            "countryIso": "PER",
            "countryName": "Peru"
          },
          {
            "countryId": "BD56233E6DA94E27ADBDC3646C7B6635",
            "countryIso": "LBR",
            "countryName": "Liberia"
          },
          {
            "countryId": "CC37520ECB834267885C5249C1EB3856",
            "countryIso": "ALB",
            "countryName": "Albania"
          },
          {
            "countryId": "F18781CC2D3E4167B5313309D38FBE60",
            "countryIso": "MAR",
            "countryName": "Morocco"
          },
          {
            "countryId": "726BFDB295EC42A2A71E7E94A6D3B987",
            "countryIso": "HTI",
            "countryName": "Haiti"
          },
          {
            "countryId": "87812BFD48E1488B99D58103A67C729D",
            "countryIso": "UKR",
            "countryName": "Ukraine"
          },
          {
            "countryId": "B2C2E48710E64EEFB4EB583E54563502",
            "countryIso": "ROU",
            "countryName": "Romania"
          },
          {
            "countryId": "313863D81D1C42479B5E80BE2DB4D6B3",
            "countryIso": "IRQ",
            "countryName": "Iraq"
          },
          {
            "countryId": "69905D1A92984E0186E9B061DEC3143A",
            "countryIso": "KGZ",
            "countryName": "Kyrgyzstan"
          },
          {
            "countryId": "BA69857EA47D4DF8B1E687A7BEC22653",
            "countryIso": "YEM",
            "countryName": "Yemen"
          },
          {
            "countryId": "F10B972C25464EEF9A2FD1C7CAF2E59A",
            "countryIso": "IRN",
            "countryName": "Iran"
          },
          {
            "countryId": "E256F62226A84E09B884097B7F6387E3",
            "countryIso": "NLD",
            "countryName": "Netherlands"
          },
          {
            "countryId": "D99F93DD551647888A69C6974CC76200",
            "countryIso": "SDN",
            "countryName": "Sudan"
          },
          {
            "countryId": "D6A9715D623B4B729476352B1EA317DB",
            "countryIso": "CHN",
            "countryName": "China"
          },
          {
            "countryId": "247057032FCA46FEB2A139D4C14664BB",
            "countryIso": "TWN",
            "countryName": "Taiwan"
          },
          {
            "countryId": "BC6AD4D3D29D464E82AD23451B639D23",
            "countryIso": "TZA",
            "countryName": "Tanzania"
          },
          {
            "countryId": "26BDCD5203A34A6FADE4A28F3DC7524A",
            "countryIso": "FIN",
            "countryName": "Finland"
          },
          {
            "countryId": "3C2CEA529B5E42FC8F495202A6463445",
            "countryIso": "GUY",
            "countryName": "Guyana"
          },
          {
            "countryId": "7CD34FA3E1F64397A2CEA699DDBC6E77",
            "countryIso": "ZAF",
            "countryName": "South Africa"
          },
          {
            "countryId": "5ABF9A2FD89C403AA52B36550AE26AE0",
            "countryIso": "HND",
            "countryName": "Honduras"
          },
          {
            "countryId": "68F5ADB7280A411DB3640CADA186178C",
            "countryIso": "NPL",
            "countryName": "Nepal"
          },
          {
            "countryId": "B465CB480C8A428681591F9F8F5914F5",
            "countryIso": "VUT",
            "countryName": "Vanuatu"
          },
          {
            "countryId": "3D1E74409DBB4B2684674D065A4A0241",
            "countryIso": "CAF",
            "countryName": "Central African Republic"
          },
          {
            "countryId": "643065F281B746EEA81969967773B9E8",
            "countryIso": "LCA",
            "countryName": "St. Lucia"
          },
          {
            "countryId": "A875E857E53249B68E224FCB11C72E22",
            "countryIso": "GIB",
            "countryName": "Gibraltar"
          },
          {
            "countryId": "154765F2E7574EECAC58466DBD997A8D",
            "countryIso": "BGR",
            "countryName": "Bulgaria"
          },
          {
            "countryId": "B27F76D69F88425A8AC807B9D25CA44A",
            "countryIso": "SWE",
            "countryName": "Sweden"
          },
          {
            "countryId": "666C384D79994B06B0DEE69DA8555B70",
            "countryIso": "CHN",
            "countryName": "Cote d'Ivoire"
          },
          {
            "countryId": "0E476C7EFEDD4CF0B40304AC8E9D83C7",
            "countryIso": "IRL",
            "countryName": "Ireland"
          },
          {
            "countryId": "BF89A084C9C64CAAB75CDEAA94AE5C5E",
            "countryIso": "CUB",
            "countryName": "Cuba"
          },
          {
            "countryId": "A20662C2F4CF485D8EBC98BFAD52DFFC",
            "countryIso": "HKG",
            "countryName": "Hong Kong"
          },
          {
            "countryId": "3CFA7BE3E31B45D7BF31A56613BFC4C1",
            "countryIso": "LBY",
            "countryName": "Libya"
          },
          {
            "countryId": "24B05801D70842EFBF4844FCC5348B07",
            "countryIso": "NER",
            "countryName": "Niger"
          },
          {
            "countryId": "0A305E5CC0CE4236A1B6201B54E90B93",
            "countryIso": "GEO",
            "countryName": "Georgia"
          },
          {
            "countryId": "30CDDE5BFBB54C2494E0D679F8A44819",
            "countryIso": "PRK",
            "countryName": "North Korea"
          },
          {
            "countryId": "E8888E58C65D4DD7889D50A37753EE68",
            "countryIso": "MAC",
            "countryName": "Macao"
          },
          {
            "countryId": "F3AC2DB868C0473BAD83BDE64FBC814A",
            "countryIso": "FSM",
            "countryName": "Micronesia"
          },
          {
            "countryId": "3395A0DBF2F04A378980041F51FA3CDA",
            "countryIso": "JAM",
            "countryName": "Jamaica"
          },
          {
            "countryId": "E2D8218A64414F638A2C437262089ECF",
            "countryIso": "GMB",
            "countryName": "Gambia"
          },
          {
            "countryId": "F47B8F281BC44F3A96D477369F9D2E7D",
            "countryIso": "NIC",
            "countryName": "Nicaragua"
          },
          {
            "countryId": "072F2C9555824C7B8CA787ACA06C6926",
            "countryIso": "GNB",
            "countryName": "Guinea-Bissau"
          },
          {
            "countryId": "FCD16FC59B9D4FD6BF18615FA094A482",
            "countryIso": "BTN",
            "countryName": "Bhutan"
          },
          {
            "countryId": "9668E29F11E64A68888B0F84E26772C2",
            "countryIso": "MDA",
            "countryName": "Moldova"
          },
          {
            "countryId": "3BAA945F157F49C3BE2A1B83584B88AD",
            "countryIso": "NCL",
            "countryName": "New Caledonia"
          },
          {
            "countryId": "AC0416ACBC0A4C8BA571F1CA453A59E5",
            "countryIso": "ASM",
            "countryName": "American Samoa"
          },
          {
            "countryId": "91EC7E1601D8457F92E570503C26BDA0",
            "countryIso": "GHA",
            "countryName": "Ghana"
          },
          {
            "countryId": "35CFB50E14EB40A1B0631F4AB0C8E43C",
            "countryIso": "PRI",
            "countryName": "Puerto Rico"
          },
          {
            "countryId": "338A40D0083F489B9F9BB25D0153ACAA",
            "countryIso": "ERI",
            "countryName": "Eritrea"
          },
          {
            "countryId": "92B8B0FCD89D4D8F932706D8B8C97615",
            "countryIso": "GNQ",
            "countryName": "Equatorial Guinea"
          },
          {
            "countryId": "B8471009AF17403283DAE94496A46405",
            "countryIso": "TCD",
            "countryName": "Chad"
          },
          {
            "countryId": "715025432D544942B371385E0DFC9DFA",
            "countryIso": "SUR",
            "countryName": "Suriname"
          },
          {
            "countryId": "927710353E71414B8A8DB19A6927681F",
            "countryIso": "BDI",
            "countryName": "Burundi"
          },
          {
            "countryId": "2768514A0BC84EAEB86EB9C9D657B3D0",
            "countryIso": "UZB",
            "countryName": "Uzbekistan"
          },
          {
            "countryId": "2866AC7E123B43AAB5FD1C93BFA2DEE5",
            "countryIso": "CHL",
            "countryName": "Chile"
          },
          {
            "countryId": "7692756E56B641D7BBD80BEC4A2FC483",
            "countryIso": "SLB",
            "countryName": "Solomon Islands"
          },
          {
            "countryId": "F74B23AD7F98455787878F23E741509E",
            "countryIso": "BLR",
            "countryName": "Belarus"
          },
          {
            "countryId": "0B060A51FAA74C8B8932846AC16331B6",
            "countryIso": "ARM",
            "countryName": "Armenia"
          },
          {
            "countryId": "D6BDE3E2D99C4BAA97D2DBAF43D4FB9E",
            "countryIso": "CYP",
            "countryName": "Cyprus"
          },
          {
            "countryId": "9CB954D6047946428BF02E0DCA8EFCDD",
            "countryIso": "KHM",
            "countryName": "Cambodia"
          },
          {
            "countryId": "0C2C2B5EAD82420C8B2D10C4FA26D8AF",
            "countryIso": "QAT",
            "countryName": "Qatar"
          },
          {
            "countryId": "03786B19FAA448B8974CACA3663EE157",
            "countryIso": "BWA",
            "countryName": "Botswana"
          },
          {
            "countryId": "C6A13DC6CC624B3F977623113BFAEBA0",
            "countryIso": "BMU",
            "countryName": "Bermuda"
          },
          {
            "countryId": "3C9F0167E98A4E509AC0095EF74A716A",
            "countryIso": "DJI",
            "countryName": "Djibouti"
          },
          {
            "countryId": "D3A40F3BAD37455EB617242179BEDA22",
            "countryIso": "CPV",
            "countryName": "Cape Verde"
          },
          {
            "countryId": "F50BAD90F47A4422A635974C937B963D",
            "countryIso": "KIR",
            "countryName": "Kiribati"
          },
          {
            "countryId": "10C326973CE44C4691F8BF168A3447E2",
            "countryIso": "",
            "countryName": "Cook Islands"
          },
          {
            "countryId": "EEE4BE0E36CF4E27A3644AACDEE7E4FE",
            "countryIso": "SSD",
            "countryName": "South Sudan"
          },
          {
            "countryId": "5F096655153E42C6B5929191A674C01D",
            "countryIso": "ATG",
            "countryName": "Antigua and Barbuda"
          },
          {
            "countryId": "BD12632574F34562B6CAAC7340553B47",
            "countryIso": "MWI",
            "countryName": "Malawi"
          },
          {
            "countryId": "0F6BDE4B8EC6447E9AFE438DE687E494",
            "countryIso": "MDG",
            "countryName": "Madagascar"
          },
          {
            "countryId": "BB9ACB3BEA0C467381624770D697AD34",
            "countryIso": "NGA",
            "countryName": "Nigeria"
          },
          {
            "countryId": "C2540BD460E040D6849AD8985247C6E6",
            "countryIso": "HRV",
            "countryName": "Croatia"
          },
          {
            "countryId": "72CC17770AE6497E83D2E797843A815E",
            "countryIso": "GUF",
            "countryName": "French Guiana"
          },
          {
            "countryId": "C3D2E6376008495D82DAB426755D489F",
            "countryIso": "CAN",
            "countryName": "Canada"
          },
          {
            "countryId": "B8E6D73986CF44F98163C66160FAA4DD",
            "countryIso": "TLS",
            "countryName": "Timor-Leste"
          },
          {
            "countryId": "DB88631DA4444851B1E307955EBE5896",
            "countryIso": "",
            "countryName": "Tuvalu"
          },
          {
            "countryId": "28EC1052A52F4464808ABB88970F5A03",
            "countryIso": "FRA",
            "countryName": "France"
          },
          {
            "countryId": "0C0128EBFE8D45D8810BA425C78B411E",
            "countryIso": "LIE",
            "countryName": "Liechtenstein"
          },
          {
            "countryId": "61194866B7E34171A47FDB246990A060",
            "countryIso": "KOR",
            "countryName": "South Korea"
          },
          {
            "countryId": "2F9EBCB2E874489A85C4383FC0AB8DB9",
            "countryIso": "ARE",
            "countryName": "United Arab Emirates"
          },
          {
            "countryId": "247E74DD6E474748886AA03F27B22C94",
            "countryIso": "PYF",
            "countryName": "French Polynesia"
          },
          {
            "countryId": "AE06BADA6CA546759E35324EAF0CEA4B",
            "countryIso": "KEN",
            "countryName": "Kenya"
          },
          {
            "countryId": "E5FC6FACB21C4D058F044F15C2AD672E",
            "countryIso": "BEN",
            "countryName": "Benin"
          },
          {
            "countryId": "FCCBFADC1DEF46AFBA341A42784B73DA",
            "countryIso": "SAU",
            "countryName": "Saudi Arabia"
          },
          {
            "countryId": "1C2385F1FB834F818BEC478E8A13791C",
            "countryIso": "DOM",
            "countryName": "Dominican Republic"
          },
          {
            "countryId": "9556CBDCA2974B83BF90E72D23E50EA8",
            "countryIso": "ETH",
            "countryName": "Ethiopia"
          },
          {
            "countryId": "8605C0002D49412682A79D7FE402D9A6",
            "countryIso": "SEN",
            "countryName": "Senegal"
          },
          {
            "countryId": "47BEA41315804071A4330DC8E26BDA72",
            "countryIso": "TKM",
            "countryName": "Turkmenistan"
          },
          {
            "countryId": "28B5ADAD4AE74933A19B216F777F6E16",
            "countryIso": "BIH",
            "countryName": "Bosnia and Herzegovina"
          },
          {
            "countryId": "001388765D2E499FA860B7EDED762B03",
            "countryIso": "BRA",
            "countryName": "Brazil"
          },
          {
            "countryId": "B8AF861C3E6F4B67B77B3D5A9FD41EEF",
            "countryIso": "SGP",
            "countryName": "Singapore"
          },
          {
            "countryId": "3FAD836322084CB989CEAC63C8110E7B",
            "countryIso": "LBN",
            "countryName": "Lebanon"
          },
          {
            "countryId": "6578C979578849C9A4E06B5707625999",
            "countryIso": "ISR",
            "countryName": "Israel"
          },
          {
            "countryId": "21BC83E602944FA8ACBD928FA181F659",
            "countryIso": "TTO",
            "countryName": "Trinidad and Tobago"
          },
          {
            "countryId": "87CB1938373A4C77AA9BD6B91CF2D9C0",
            "countryIso": "PSE",
            "countryName": "Palestinian Territory"
          },
          {
            "countryId": "C123E310E8CB468C8FECF89DACCA2E68",
            "countryIso": "SYR",
            "countryName": "Syrian Arab Republic"
          },
          {
            "countryId": "5A6F66C5A19A4F4A9084A7006EFF9DA2",
            "countryIso": "GBR",
            "countryName": "United Kingdom"
          },
          {
            "countryId": "64DAA199C2E4413AB2A96F45A64FB9CF",
            "countryIso": "VNM",
            "countryName": "Viet Nam"
          },
          {
            "countryId": "E80DEA8D0C974E4DB284312BDE89E1E2",
            "countryIso": "PRT",
            "countryName": "Portugal"
          },
          {
            "countryId": "B46E02B228D544E3B96F7114896F68DC",
            "countryIso": "SWZ",
            "countryName": "Swaziland"
          },
          {
            "countryId": "275B59021CE948A38CDC54B5514F1601",
            "countryIso": "TCA",
            "countryName": "Turks and Caicos Islands"
          },
          {
            "countryId": "D31B5A2CD70F440CAA0E26BA52870E57",
            "countryIso": "KAZ",
            "countryName": "Kazakhstan"
          },
          {
            "countryId": "4CC97847DE154F65999AA411DDD0BB4D",
            "countryIso": "AFG",
            "countryName": "Afghanistan"
          },
          {
            "countryId": "FE3D45E8CF0E49379ACF4E303C49F5E1",
            "countryIso": "BRB",
            "countryName": "Barbados"
          },
          {
            "countryId": "790DF23C557A45B8B5BDD3C6700EAD28",
            "countryIso": "GLP",
            "countryName": "Guadeloupe"
          },
          {
            "countryId": "258ED735A0B74B47BF5387D1B8C8E83A",
            "countryIso": "ECU",
            "countryName": "Ecuador"
          },
          {
            "countryId": "C6435B4592F64641B13E85C974679AE8",
            "countryIso": "ZWE",
            "countryName": "Zimbabwe"
          },
          {
            "countryId": "C239B5D5C0914E3F9BE8607403C24C93",
            "countryIso": "ITA",
            "countryName": "Italy"
          },
          {
            "countryId": "26386D8AC2A6452EAD2115833C19CF8E",
            "countryIso": "JPN",
            "countryName": "Japan"
          },
          {
            "countryId": "F1F4B920CC6D4B00A0F27CA96CE44085",
            "countryIso": "MNG",
            "countryName": "Mongolia"
          },
          {
            "countryId": "DF0A051828A44DBBA28D7534733FD943",
            "countryIso": "DZA",
            "countryName": "Algeria"
          },
          {
            "countryId": "F2B9270FA5164CF4998D152884CEA0A3",
            "countryIso": "IDN",
            "countryName": "Indonesia"
          },
          {
            "countryId": "C7A08C0804394BF5BC6A34755B5DBD6F",
            "countryIso": "TJK",
            "countryName": "Tajikistan"
          },
          {
            "countryId": "337D52204E9048CCBF08F10085CA266D",
            "countryIso": "TGO",
            "countryName": "Togo"
          },
          {
            "countryId": "23B4892D3D8E45EF9A56BF7606C3D31E",
            "countryIso": "CRI",
            "countryName": "Costa Rica"
          },
          {
            "countryId": "5B6110CAADCE4F6EB6E9CEA128B217C2",
            "countryIso": "AZE",
            "countryName": "Azerbaijan"
          },
          {
            "countryId": "6FD0DD82F2354A3A9DA6BE50A2308EB1",
            "countryIso": "MHL",
            "countryName": "Marshall Islands"
          },
          {
            "countryId": "39E882EB97D3435BB0F1E7FAEF0BC406",
            "countryIso": "TON",
            "countryName": "Tonga"
          },
          {
            "countryId": "A3700F408A64406B9713232E3393EDA7",
            "countryIso": "REU",
            "countryName": "Reunion"
          },
          {
            "countryId": "9B435D65E28C443BABB110E2E33CEB02",
            "countryIso": "",
            "countryName": "Tokelau"
          },
          {
            "countryId": "E6A2EC71A1C541C384D0231DE7ABF719",
            "countryIso": "PLW",
            "countryName": "Palau"
          },
          {
            "countryId": "EA219D7310754CDCB0981B8C59FFA3C3",
            "countryIso": "MSR",
            "countryName": "Montserrat"
          },
          {
            "countryId": "3E9F2420CFCC48D6AAD43166BEE4B27B",
            "countryIso": "",
            "countryName": "Tahiti"
          },
          {
            "countryId": "189E8D40BA8B4C049F5808F18BA7C9AF",
            "countryIso": "GRL",
            "countryName": "Greenland"
          },
          {
            "countryId": "62E2825F459E460B8497ED94F5B227D9",
            "countryIso": "MTQ",
            "countryName": "Martinique"
          },
          {
            "countryId": "174B822F7B7740688F5BB046EC33D991",
            "countryIso": "URY",
            "countryName": "Uruguay"
          },
          {
            "countryId": "9A6C47235D234258B3DE6B11EDC8CE45",
            "countryIso": "KWT",
            "countryName": "Kuwait"
          },
          {
            "countryId": "155C5E69A1624ACB80E582E8D935CE88",
            "countryIso": "SYC",
            "countryName": "Seychelles"
          },
          {
            "countryId": "004D641B5F644831B9E5DA6E3FA0E98E",
            "countryIso": "WSM",
            "countryName": "Samoa"
          },
          {
            "countryId": "A3D64A59CC20457F897A5C8C1454503B",
            "countryIso": "CZE",
            "countryName": "Czech Republic"
          },
          {
            "countryId": "0C9AC212760A4D94A4BCDE29E0AF9311",
            "countryIso": "BHS",
            "countryName": "Bahamas"
          },
          {
            "countryId": "1E3BF04BEEEC4556A808BEF9ED47FB59",
            "countryIso": "VAT",
            "countryName": "Vatican City State"
          },
          {
            "countryId": "9642BA4FD32C4320A5AD8CDC0D094A31",
            "countryIso": "KNA",
            "countryName": "Saint Kitts and Nevis"
          },
          {
            "countryId": "0EE9EBCF4BEA4C83B963DCC9F3BB3869",
            "countryIso": "AUT",
            "countryName": "Austria"
          },
          {
            "countryId": "17B7E8D54EB64D7F94BE259136240102",
            "countryIso": "LKA",
            "countryName": "Sri Lanka"
          },
          {
            "countryId": "F1A2B6E9CCEE41F588DDAF4A4BC60A54",
            "countryIso": "MYS",
            "countryName": "Malaysia"
          },
          {
            "countryId": "EC9DA5BCEE064F36B367D53859838BA1",
            "countryIso": "ESP",
            "countryName": "Spain"
          },
          {
            "countryId": "8D419C244D294787A717DB890C77F4BD",
            "countryIso": "JOR",
            "countryName": "Jordan"
          },
          {
            "countryId": "3BFCB20E80CC4F58A857A506E5C2E18D",
            "countryIso": "OMN",
            "countryName": "Oman"
          },
          {
            "countryId": "A1C53B8068E848BF8DF0897627BEE45C",
            "countryIso": "CYM",
            "countryName": "Cayman Islands"
          },
          {
            "countryId": "CECF206A22624949B85DFAF69131B665",
            "countryIso": "COG",
            "countryName": "Congo"
          },
          {
            "countryId": "2AFC9A463B024EC2AB13F0EE5F091AD5",
            "countryIso": "MRT",
            "countryName": "Mauritania"
          },
          {
            "countryId": "4C6007EBD794463DB3AD8884FE17E637",
            "countryIso": "BFA",
            "countryName": "Burkina Faso"
          },
          {
            "countryId": "092403A3991C400B912401C078272F4A",
            "countryIso": "",
            "countryName": "Northern Mariana Islands"
          },
          {
            "countryId": "1A6D6F8BBC5B4AD18EC9F6B8DA4C82EB",
            "countryIso": "GAB",
            "countryName": "Gabon"
          },
          {
            "countryId": "7BC361870EC2461AB6062DF241514918",
            "countryIso": "BRN",
            "countryName": "Brunei Darussalam"
          },
          {
            "countryId": "C57B3700D38C40C09BD6A3E22B0090AC",
            "countryIso": "VCT",
            "countryName": "St. Vincent"
          },
          {
            "countryId": "3F54EC20D2D246FAB9B8EF4BB8DDD546",
            "countryIso": "PNG",
            "countryName": "Papua New Guinea"
          },
          {
            "countryId": "BDE2D8A4B0DD42A09B7A3EF653BF9436",
            "countryIso": "SRB",
            "countryName": "Serbia"
          },
          {
            "countryId": "ECC34CB6CE9B44428DD9BFED9F28216E",
            "countryIso": "TUR",
            "countryName": "Turkey"
          },
          {
            "countryId": "8F17EE41DDA44B4F9310781061F6FE6E",
            "countryIso": "THA",
            "countryName": "Thailand"
          },
          {
            "countryId": "65864ABE8BE842469049E04003908B00",
            "countryIso": "AUS",
            "countryName": "Australia"
          },
          {
            "countryId": "CA943A2AE7AB40A5BECA5A10E0D50244",
            "countryIso": "FJI",
            "countryName": "Fiji"
          },
          {
            "countryId": "BC90DCBB953C4E6DA94140FE817F196E",
            "countryIso": "EST",
            "countryName": "Estonia"
          },
          {
            "countryId": "23886C77761D46D6B6870AA905306AAB",
            "countryIso": "SVK",
            "countryName": "Slovakia"
          },
          {
            "countryId": "1791D66E1E69487BB017E887A1847F89",
            "countryIso": "LUX",
            "countryName": "Luxembourg"
          },
          {
            "countryId": "CBD03414476740F8AC0CD18B6099C5EB",
            "countryIso": "MUS",
            "countryName": "Mauritius"
          },
          {
            "countryId": "C7B6A753342B4B31A6E0FC86529BD37C",
            "countryIso": "ISL",
            "countryName": "Iceland"
          },
          {
            "countryId": "C3913B10DA90425E9F4BB2C251A0C0A1",
            "countryIso": "MLT",
            "countryName": "Malta"
          },
          {
            "countryId": "449422DA91BD4937931D5BED624FA7CF",
            "countryIso": "GIN",
            "countryName": "Guinea"
          },
          {
            "countryId": "43312E10D78E4AF0BFF132B00F1311FF",
            "countryIso": "GRD",
            "countryName": "Grenada"
          },
          {
            "countryId": "4EB8F8577F0F4074A5D3C24920C302F4",
            "countryIso": "NIU",
            "countryName": "Niue"
          },
          {
            "countryId": "B2572DC7415A41D69982E038035DBA52",
            "countryIso": "ABW",
            "countryName": "Aruba"
          },
          {
            "countryId": "56448A884A5441528DC4D035F8649FF8",
            "countryIso": "DNK",
            "countryName": "Denmark"
          },
          {
            "countryId": "2F31FFE2A65F45E78B38EB986D8857C3",
            "countryIso": "BOL",
            "countryName": "Bolivia"
          },
          {
            "countryId": "4942E299CBC345AB9E90F8FD25580791",
            "countryIso": "POL",
            "countryName": "Poland"
          },
          {
            "countryId": "C38972223CF540FDA59C763E416B18CF",
            "countryIso": "TUN",
            "countryName": "Tunisia"
          },
          {
            "countryId": "B860F7E6A107428BA0F634B7F2FD4DDF",
            "countryIso": "",
            "countryName": "Nauru"
          },
          {
            "countryId": "EFAE8376086A40A78E3F19CCFAC9FB4B",
            "countryIso": "DMA",
            "countryName": "Dominica"
          },
          {
            "countryId": "E8A11D9086BC4FD1A8971BF7F585419D",
            "countryIso": "",
            "countryName": "Wallis and Futuna"
          },
          {
            "countryId": "9072A93F864F452BABE13F0B9ACC22A7",
            "countryIso": "MCO",
            "countryName": "Monaco"
          },
          {
            "countryId": "8F5581207EBB4AB6A21D9A84AD0C77EF",
            "countryIso": "LTU",
            "countryName": "Lithuania"
          },
          {
            "countryId": "C18AC34E7C3B46178EFCD4B5072A189F",
            "countryIso": "BHR",
            "countryName": "Bahrain"
          },
          {
            "countryId": "2FC9B354FAEB4093847F38FF56CBF10F",
            "countryIso": "CXR",
            "countryName": "Christmas Island"
          },
          {
            "countryId": "9C87AF3E760A450E856ED64F2D35815E",
            "countryIso": "AIA",
            "countryName": "Anguilla"
          },
          {
            "countryId": "EBD09A1121854654ADD9EC8BF318E991",
            "countryIso": "FLK",
            "countryName": "Falkland Islands"
          },
          {
            "countryId": "79B7EB54A4B44AB88150AA855FFE0306",
            "countryIso": "LOL",
            "countryName": "lala land"
          },
          {
            "countryId": "64B513F38C39406CBBC67F894D6B3D9F",
            "countryIso": "BLM",
            "countryName": "Saint Barthelemy"
          }
        ]
      }
    ],
    "FailureResponse": null
  }