{
  "MetaData": {
    "ResourcesUsed": 1
  },
  "Result": [
    {
      "severity": "",
      "publisherType": "PNR",
      "orgName": "NC4 ActivTravel Demo Data",
      "rootOrgName": "NC4 ActivTravel Demo Data",
      "documentType": "TRAVEL",
      "channel": "",
      "acl": {
        "orgName": "NC4 ActivTravel Demo Data",
        "rootOrgName": "NC4 ActivTravel Demo Data",
        "rootOrgId": "9940c7dea7f1f901890d475f1eacbaa",
        "orgId": "9940c7dea7f1f901890d475f1eacbaa"
      },
      "title": "D2RQQG-",
      "body": "",
      "ttl": -1,
      "people": [
        {
          "lastName": "Carroll",
          "firstName": "Jay",
          "emailAddresses": [
            {
              "isPrimary": true,
              "type": "unknown",
              "email": "sampleactivtravelalerts@nc4.com"
            }
          ],
          "isPrimary": true,
          "fullName": "Jay Carroll",
          "middleName": "",
          "personType": "TRAVELER",
          "phoneNumbers": [
            {
              "number": "1-909-718-9990",
              "isPrimary": true,
              "label": "",
              "type": "unknown"
            }
          ],
          "personTypeAttributes": "{}"
        }
      ],
      "rootOrgId": "9940c7dea7f1f901890d475f1eacbaa",
      "orgId": "9940c7dea7f1f901890d475f1eacbaa",
      "partition": "TBD",
      "docTypeAttributes": {
        "Travel": {
          "sourceAgencyPCC": "",
          "lastProcessed": "2018-08-10T13:26:00+00:00",
          "utcTripEnd": "2018-08-17T22:00:00+00:00",
          "feedName": "QueueID 3318",
          "queueAgencyName": "Galileo Core Test",
          "sourceAgencyName": "",
          "queueAgencyPCC": "50V4",
          "locator": "D2RQQG-",
          "utcTripStart": "2018-07-28T18:00:00+00:00"
        }
      },
      "isDeleted": false,
      "audit": {
        "createdDate": "2017-12-20T13:26:48+00:00",
        "updatedBy": "",
        "createdBy": "",
        "createdVersion": "7.9.0.db-02",
        "updatedOrg": "",
        "updatedDate": "2017-12-20T13:26:48+00:00",
        "updatedVersion": "7.9.0.db-02",
        "createdOrg": ""
      },
      "publisher": "TBD",
      "correlationId": "47BF3E4BC3B74D3688980367173A289F",
      "locations": [
        {
          "country": "United States",
          "city": "Fort Worth",
          "countryISO": "USA",
          "name": "Dallas Intl",
          "locTypeAttributes": {
            "riskRatingLabel": "Low",
            "segmentStartEnd": "start",
            "segmentOrder": 1,
            "riskRatingColor": "#009844",
            "utcDate": "2018-07-28T18:00:00+00:00",
            "flightNumber": "61",
            "segmentNumber": 1,
            "utcActiveDates": [
              "2018-07-28",
              "2018-07-29"
            ],
            "riskRatingNumber": 2,
            "localTimeZone": "America/Chicago",
            "NumActiveDays": 2,
            "airlineCode": "AA",
            "localDate": "2018-07-28T17:00:00+00:00",
            "segmentType": "air"
          },
          "stateProvince": "Texas",
          "locationType": "airport",
          "locationCode": "DFW",
          "region": "North America",
          "point": {
            "coordinates": [
              -97.04,
              32.9
            ],
            "type": "Point"
          }
        },
        {
          "country": "Japan",
          "city": "Tokyo",
          "countryISO": "JPN",
          "name": "Tokyo Narita",
          "locTypeAttributes": {
            "riskRatingLabel": "Low",
            "segmentStartEnd": "end",
            "segmentOrder": 2,
            "riskRatingColor": "#009844",
            "utcDate": "2018-07-29T07:45:00+00:00",
            "flightNumber": "61",
            "segmentNumber": 1,
            "utcActiveDates": [
              "2018-07-28",
              "2018-07-29"
            ],
            "riskRatingNumber": 2,
            "localTimeZone": "Asia/Tokyo",
            "NumActiveDays": 2,
            "airlineCode": "AA",
            "localDate": "2018-07-29T21:45:00+00:00",
            "segmentType": "air"
          },
          "stateProvince": "",
          "locationType": "airport",
          "locationCode": "NRT",
          "region": "Asia",
          "point": {
            "coordinates": [
              140.39,
              35.76
            ],
            "type": "Point"
          }
        },
        {
          "country": "Japan",
          "city": "Tokyo",
          "countryISO": "JPN",
          "name": "Tokyo Narita",
          "locTypeAttributes": {
            "riskRatingLabel": "Low",
            "segmentStartEnd": "start",
            "segmentOrder": 3,
            "riskRatingColor": "#009844",
            "utcDate": "2018-07-29T09:10:00+00:00",
            "flightNumber": "745",
            "segmentNumber": 2,
            "utcActiveDates": [
              "2018-07-29"
            ],
            "riskRatingNumber": 2,
            "localTimeZone": "Asia/Tokyo",
            "NumActiveDays": 1,
            "airlineCode": "JL",
            "localDate": "2018-07-29T09:10:00+00:00",
            "segmentType": "air"
          },
          "stateProvince": "",
          "locationType": "airport",
          "locationCode": "NRT",
          "region": "Asia",
          "point": {
            "coordinates": [
              140.39,
              35.76
            ],
            "type": "Point"
          }
        },
        {
          "country": "Philippines",
          "city": "Manila",
          "countryISO": "PHL",
          "name": "Manila Ninoy Intl",
          "locTypeAttributes": {
            "riskRatingLabel": "High",
            "segmentStartEnd": "end",
            "segmentOrder": 4,
            "riskRatingColor": "#DA670A",
            "utcDate": "2018-07-29T14:15:00+00:00",
            "flightNumber": "745",
            "segmentNumber": 2,
            "utcActiveDates": [
              "2018-07-29"
            ],
            "riskRatingNumber": 4,
            "localTimeZone": "Asia/Manila",
            "NumActiveDays": 1,
            "airlineCode": "JL",
            "localDate": "2018-07-29T13:15:00+00:00",
            "segmentType": "air"
          },
          "stateProvince": "",
          "locationType": "airport",
          "locationCode": "MNL",
          "region": "Asia",
          "point": {
            "coordinates": [
              121.02,
              14.52
            ],
            "type": "Point"
          }
        },
        {
          "country": "Philippines",
          "phoneNumber": "",
          "city": "Pasay City",
          "countryISO": "PHL",
          "name": "MANILA MARRIOTT HOTEL",
          "locTypeAttributes": {
            "segmentNumber": 3,
            "riskRatingLabel": "High",
            "utcActiveDates": [
              "2018-07-29"
            ],
            "segmentStartEnd": "start",
            "riskRatingNumber": 4,
            "segmentOrder": 5,
            "riskRatingColor": "#DA670A",
            "localTimeZone": "Asia/Manila",
            "NumActiveDays": 1,
            "localDate": "2018-07-29T15:59:00+00:00",
            "utcDate": "2018-07-29T15:59:00+00:00",
            "segmentType": "hotel"
          },
          "stateProvince": "National Capital Region",
          "locationType": "lodging",
          "locationCode": "MNL",
          "region": "Asia",
          "point": {
            "coordinates": [
              121.01735,
              14.52171
            ],
            "type": "Point"
          }
        },
        {
          "country": "Philippines",
          "phoneNumber": "",
          "city": "Manila",
          "countryISO": "PHL",
          "name": "MANILA MARRIOTT HOTEL",
          "locTypeAttributes": {
            "segmentNumber": 3,
            "riskRatingLabel": "High",
            "utcActiveDates": [
              "2018-07-29"
            ],
            "segmentStartEnd": "end",
            "riskRatingNumber": 4,
            "segmentOrder": 6,
            "riskRatingColor": "#DA670A",
            "localTimeZone": "Asia/Manila",
            "NumActiveDays": 1,
            "localDate": "2018-07-29T16:00:00+00:00",
            "utcDate": "2018-07-29T16:00:00+00:00",
            "segmentType": "hotel"
          },
          "stateProvince": "",
          "locationType": "lodging",
          "locationCode": "MNL",
          "region": "Asia",
          "point": {
            "coordinates": [
              121.02,
              14.52
            ],
            "type": "Point"
          }
        },
        {
          "country": "Philippines",
          "phoneNumber": "",
          "city": "Pasay City",
          "countryISO": "PHL",
          "name": "MANILA MARRIOTT HOTEL",
          "locTypeAttributes": {
            "segmentNumber": 4,
            "riskRatingLabel": "High",
            "utcActiveDates": [
              "2018-08-08"
            ],
            "segmentStartEnd": "start",
            "riskRatingNumber": 4,
            "segmentOrder": 7,
            "riskRatingColor": "#DA670A",
            "localTimeZone": "Asia/Manila",
            "NumActiveDays": 1,
            "localDate": "2018-08-10T15:59:00+00:00",
            "utcDate": "2018-08-10T15:59:00+00:00",
            "segmentType": "hotel"
          },
          "stateProvince": "National Capital Region",
          "locationType": "lodging",
          "locationCode": "MNL",
          "region": "Asia",
          "point": {
            "coordinates": [
              121.01735,
              14.52171
            ],
            "type": "Point"
          }
        },
        {
          "country": "Philippines",
          "phoneNumber": "",
          "city": "Manila",
          "countryISO": "PHL",
          "name": "MANILA MARRIOTT HOTEL",
          "locTypeAttributes": {
            "segmentNumber": 4,
            "riskRatingLabel": "High",
            "utcActiveDates": [
              "2018-08-08"
            ],
            "segmentStartEnd": "end",
            "riskRatingNumber": 4,
            "segmentOrder": 8,
            "riskRatingColor": "#DA670A",
            "localTimeZone": "Asia/Manila",
            "NumActiveDays": 1,
            "localDate": "2018-08-08T16:00:00+00:00",
            "utcDate": "2018-08-08T16:00:00+00:00",
            "segmentType": "hotel"
          },
          "stateProvince": "",
          "locationType": "lodging",
          "locationCode": "MNL",
          "region": "Asia",
          "point": {
            "coordinates": [
              121.02,
              14.52
            ],
            "type": "Point"
          }
        },
        {
          "country": "Philippines",
          "city": "Manila",
          "countryISO": "PHL",
          "name": "Manila Ninoy Intl",
          "locTypeAttributes": {
            "riskRatingLabel": "High",
            "segmentStartEnd": "start",
            "segmentOrder": 9,
            "riskRatingColor": "#DA670A",
            "utcDate": "2018-08-17T03:00:00+00:00",
            "flightNumber": "906",
            "segmentNumber": 5,
            "utcActiveDates": [
              "2018-08-17"
            ],
            "riskRatingNumber": 4,
            "localTimeZone": "Asia/Manila",
            "NumActiveDays": 1,
            "airlineCode": "CX",
            "localDate": "2018-08-17T03:00:00+00:00",
            "segmentType": "air"
          },
          "stateProvince": "",
          "locationType": "airport",
          "locationCode": "MNL",
          "region": "Asia",
          "point": {
            "coordinates": [
              121.02,
              14.52
            ],
            "type": "Point"
          }
        },
        {
          "country": "Hong Kong",
          "city": "Hong Kong",
          "countryISO": "HKG",
          "name": "Hong Kong Intl",
          "locTypeAttributes": {
            "riskRatingLabel": "Low",
            "segmentStartEnd": "end",
            "segmentOrder": 10,
            "riskRatingColor": "#009844",
            "utcDate": "2018-08-17T05:30:00+00:00",
            "flightNumber": "906",
            "segmentNumber": 5,
            "utcActiveDates": [
              "2018-08-17"
            ],
            "riskRatingNumber": 2,
            "localTimeZone": "Asia/Hong_Kong",
            "NumActiveDays": 1,
            "airlineCode": "CX",
            "localDate": "2018-08-17T05:30:00+00:00",
            "segmentType": "air"
          },
          "stateProvince": "",
          "locationType": "airport",
          "locationCode": "HKG",
          "region": "Asia",
          "point": {
            "coordinates": [
              113.91,
              22.31
            ],
            "type": "Point"
          }
        },
        {
          "country": "Hong Kong",
          "city": "Hong Kong",
          "countryISO": "HKG",
          "name": "Hong Kong Intl",
          "locTypeAttributes": {
            "riskRatingLabel": "Low",
            "segmentStartEnd": "start",
            "segmentOrder": 11,
            "riskRatingColor": "#009844",
            "utcDate": "2018-08-17T07:45:00+00:00",
            "flightNumber": "126",
            "segmentNumber": 6,
            "utcActiveDates": [
              "2018-08-17"
            ],
            "riskRatingNumber": 2,
            "localTimeZone": "Asia/Hong_Kong",
            "NumActiveDays": 1,
            "airlineCode": "AA",
            "localDate": "2018-08-17T07:45:00+00:00",
            "segmentType": "air"
          },
          "stateProvince": "",
          "locationType": "airport",
          "locationCode": "HKG",
          "region": "Asia",
          "point": {
            "coordinates": [
              113.91,
              22.31
            ],
            "type": "Point"
          }
        },
        {
          "country": "United States",
          "city": "Fort Worth",
          "countryISO": "USA",
          "name": "Dallas Intl",
          "locTypeAttributes": {
            "riskRatingLabel": "Low",
            "segmentStartEnd": "end",
            "segmentOrder": 12,
            "riskRatingColor": "#009844",
            "utcDate": "2018-08-17T22:00:00+00:00",
            "flightNumber": "126",
            "segmentNumber": 6,
            "utcActiveDates": [
              "2018-08-17"
            ],
            "riskRatingNumber": 2,
            "localTimeZone": "America/Chicago",
            "NumActiveDays": 1,
            "airlineCode": "AA",
            "localDate": "2018-08-17T08:00:00+00:00",
            "segmentType": "air"
          },
          "stateProvince": "Texas",
          "locationType": "airport",
          "locationCode": "DFW",
          "region": "Asia",
          "point": {
            "coordinates": [
              -97.04,
              32.9
            ],
            "type": "Point"
          }
        }
      ],
      "id": "47BF3E4BC3B74D3688980367173A289F",
      "isHistory": false,
      "status": "",
      "_rid": "rO87AOwFzwAiAAAAAAAAAA==",
      "_self": "dbs/rO87AA==/colls/rO87AOwFzwA=/docs/rO87AOwFzwAiAAAAAAAAAA==/",
      "_etag": "\"010086e1-0000-0000-0000-5b6203830000\"",
      "_attachments": "attachments/",
      "_ts": 1533150083
    }
  ]
}
