﻿{
  "spatialReference": { "wkid": 102100 },
  "nativeSR": { "wkid": 4326 },
  "features": [
    {
      "attributes": {},
      "id": "96A3BB9D994F8314BF5578FB8B2EED6E"
    },
    {
      "attributes": {},
      "id": "CC6806BBEECC1BB26C2CE616892E1D7F"
    },
    {
      "attributes": {},
      "id": "6137246C415085D7BC71022097029D31"
    },
    {
      "attributes": {},
      "id": "F30398FEDEFCCA3D3C8A84F365B03CBF"
    }
  ],
  "objectIdFieldName": "facilityid",
  "_geometryServiceUrl": "http://tasks.arcgisonline.com/ArcGIS/rest/services/Geometry/GeometryServer",
  "layerSize": 20,
  "ts": 1502181607283,
  "geometryType": "esriGeometryPoint",
  "fields": [
    {
      "name": "currentstatus",
      "type": "esriFieldTypeString",
      "alias": "Current Status",
      "length": 100,
      "isRequired": true,
      "inIntersect": true
    },
    {
      "name": "showonmap",
      "type": "esriFieldTypeString",
      "alias": "Show On Map",
      "length": 100,
      "isRequired": true,
      "inIntersect": false
    },
    {
      "name": "updateddate",
      "type": "esriFieldTypeString",
      "alias": "Updated Date",
      "length": 100,
      "isRequired": true,
      "inIntersect": true
    },
    {
      "name": "facilitytype",
      "type": "esriFieldTypeString",
      "alias": "Facility Type",
      "length": 100,
      "isRequired": true,
      "inIntersect": true
    },
    {
      "name": "city",
      "type": "esriFieldTypeString",
      "alias": "City",
      "length": 100,
      "isRequired": true,
      "inIntersect": false
    },
    {
      "name": "description",
      "type": "esriFieldTypeString",
      "alias": "Description",
      "length": 100,
      "isRequired": true,
      "inIntersect": false
    },
    {
      "name": "latitude",
      "type": "esriFieldTypeString",
      "alias": "Latitude",
      "length": 100,
      "isRequired": true,
      "inIntersect": true
    },
    {
      "name": "longitude",
      "type": "esriFieldTypeString",
      "alias": "Longitude",
      "length": 100,
      "isRequired": true,
      "inIntersect": true
    },
    {
      "name": "country",
      "type": "esriFieldTypeString",
      "alias": "Country",
      "length": 100,
      "isRequired": true,
      "inIntersect": false
    },
    {
      "name": "contactemail",
      "type": "esriFieldTypeString",
      "alias": "Contact Email",
      "length": 100,
      "isRequired": true,
      "inIntersect": false
    },
    {
      "name": "stateprovince",
      "type": "esriFieldTypeString",
      "alias": "State/Province",
      "length": 100,
      "isRequired": true,
      "inIntersect": true
    },
    {
      "name": "street",
      "type": "esriFieldTypeString",
      "alias": "Street",
      "length": 100,
      "isRequired": true,
      "inIntersect": false
    },
    {
      "name": "postal",
      "type": "esriFieldTypeString",
      "alias": "Postal",
      "length": 100,
      "isRequired": true,
      "inIntersect": false
    },
    {
      "name": "region",
      "type": "esriFieldTypeString",
      "alias": "Region",
      "length": 100,
      "isRequired": true,
      "inIntersect": false
    },
    {
      "name": "facilityname",
      "type": "esriFieldTypeString",
      "alias": "Facility Name",
      "length": 100,
      "isRequired": true,
      "inIntersect": true
    },
    {
      "name": "facilityid",
      "type": "esriFieldTypeOID",
      "alias": "Facility ID",
      "length": 100,
      "isRequired": true,
      "inIntersect": true
    },
    {
      "name": "district",
      "type": "esriFieldTypeString",
      "alias": "District",
      "length": 100,
      "isRequired": true,
      "inIntersect": false
    }
  ],
  "objectIdField": "facilityid"
}