﻿{
  "nc4Attributes": {},
  "nc4Attachments": [
    {
      "attachid": "1FD960D959B12B57B9C9E5D403792E22",
      "attachlabel": "AttrLabelResult.jsp",
      "attachfilename": "AttrLabelResult.jsp",
      "attachsize": 270,
      "attachtype": "application/octet-stream",
      "attachurl": "/attachment/AttachmentOpen.do?ACT=Open&docattachid=1FD960D959B12B57B9C9E5D403792E22"
    }
  ],
  "nc4Links": [
    {
      "attachid": "2CD78374F62F78B2DE6EAA06B800622D",
      "attachlabel": "company 1",
      "attachfilename": "",
      "attachsize": 0,
      "attachtype": "",
      "attachurl": "/attachment/AttachmentOpen.do?ACT=Open&docattachid=2CD78374F62F78B2DE6EAA06B800622D"
    }
  ],
  "nc4Docs": {},
  "esriJavaGeometry": {
    "m_geometry": {
      "m_attributes": [ -1.3604297083710752E7, 6055075.457924712 ],
      "m_description": {
        "m_defaultPointAttributes": [ 0.0, 0.0 ],
        "m_pointAttributeOffsets": [ 0 ],
        "m_attributeCount": 1,
        "m_total_component_count": 2,
        "m_semantics": [ 0, 0, 0, 0, 0, 0, 0, 0, 0, 0 ],
        "m_semanticsToIndexMap": [ 0, -1, -1, -1, -1, -1, -1, -1, -1, -1 ],
        "m_hash": 2086473605
      },
      "m_touchFlag": -2147483647
    },
    "sr": {
      "m_userWkid": 102100,
      "m_userLatestWkid": -1,
      "m_userOldestWkid": -1
    }
  },
  "htmlPopup": {
    "htmlPopupType": "esriServerHTMLPopupTypeAsHTMLText",
    "content": "<div  class='infowindow-content'><div> <a><img width='110' src='/servlet/ShowLogo?organizationID=BBDFD24607F1174834DFF6FFBABED19C'></img><br/></a></div><div class='content-wrap left'><div class='title'><p>Company 1<br/>street 1<br/>city 1,WA 98033</br/><span align='right'>47.68782, -122.20948</span></p><b>Type</b>: Multi-Use Location<br><b>Status:</b>&nbsp;Moderate<img style='max-width: 22px;'  src='' /><br/><b>Contact:&nbsp;</b>loc manager<br>888 (office)<br/>8888 (cell)<br/>888(fax)<br/><a class='locationEmail' title='email@email.com' href='mailto:email@email.com'>email@email.com</a><br></div></div></div><div class='infowindow-additional'><div class='additional-detail'><div id='birdMapWrapper'><div id='birdMap_96A3BB9D994F8314BF5578FB8B2EED6E', style='position: relative; height:223px; width:100%;'> </div></div><div id='locationDetail' style='overflow: auto; display: none; padding-bottom: 3px; border: 5px solid white; position: relative; height:223px; width:223px;'><b>Description:</b><br/><div style='margin-left: 10px;'  class='nobold'>This is a place that is great</div><br/><b>Attachments:</b><br/><div style='margin-left: 10px'  class='nobold'><a target='_blank' href='/attachment/AttachmentOpen.do?ACT=Open&docattachid=1FD960D959B12B57B9C9E5D403792E22'>AttrLabelResult.jsp</a><br/></div><br/><b>Links:</b><br/><div style='margin-left: 10px'  class='nobold'><a target='_blank' href='/attachment/AttachmentOpen.do?ACT=Open&docattachid=2CD78374F62F78B2DE6EAA06B800622D'>company 1</a><br/></div></div><tr><td align='center' class='white-space: nowrap}'><div id='locationButtons1'><table id='tblButtn1' width='100%'><tr ><td align='right' style='white-space: nowrap; padding: 0 3px 3px 3px;'><a class='additional-link' onclick='require([\"dojo/topic\"], function(topic){topic.publish(\"hideShowDivs\", [\"locationButtons1\",\"birdMapWrapper\",\"mapButtons\"], [\"locationDetail\",\"locationButtons2\"])})'>More &gt;</a></td></tr></table></div><div id='locationButtons2' style='display: none;' ><table  id='tblButtn2' width='100%'><tr><td style='white-space: nowrap' align='left'><a class='additional-link' id='linkToViewlocation' onclick='window.open(\"/fac50/facilityForm.do?fn=update&id=96A3BB9D994F8314BF5578FB8B2EED6E&adoptSession=true&uri=/maps/CloseWindow.jsp\", \"viewEditLocation\"); return false;' class='captionButton'>Edit / View</a></td><td style='white-space: nowrap' align='right'><a class='additional-link' href='#' class='captionButton' onclick='require([\"dojo/topic\"], function(topic){topic.publish(\"hideShowDivs\", [\"locationDetail\",\"locationButtons2\"], [\"locationButtons1\",\"birdMapWrapper\",\"mapButtons\"])})'>&lt; Back</a></td></tr></table></div></td></tr></table></div></div></div>",
    "jsClientAction": "topic.publish('addGraphicDialogMap', {div: 'birdMap_96A3BB9D994F8314BF5578FB8B2EED6E', lId:'_fac_', fId:'96A3BB9D994F8314BF5578FB8B2EED6E', lat:6055075.457924712, lon:-1.3604297083710752E7, wkid:102100});",
    "featureCoords": {
      "x": -1.3604297083710752E7,
      "y": 6055075.457924712
    }
  },
  "attributes": {
    "country": "United States",
    "facilityid": "96A3BB9D994F8314BF5578FB8B2EED6E",
    "city": "Kirkland",
    "approximate": "false",
    "description": "This is a place that is great",
    "lon": "-122.20948",
    "type": "Multi-Use Location",
    "orgId": "BBDFD24607F1174834DFF6FFBABED19C",
    "cFax": "888",
    "lastupdateddate": "1490024370498",
    "street": "street 1",
    "cName": "loc manager",
    "cEmail": "email@email.com",
    "cOffice": "888",
    "intattrs": "0",
    "lat": "47.68782",
    "intdocs": "0",
    "zip": "98033",
    "org": "NC4",
    "stateprovince": "WA",
    "intattachs": "1",
    "intlinks": "2",
    "cCell": "8888",
    "name": "Company 1",
    "status": "Moderate"
  },
  "geometry": {
    "x": -1.3604297083710752E7,
    "y": 6055075.457924712,
    "SpatialReference": { "wkid": 102100 }
  },
  "ignoreCluster": false
}