﻿{
  "spatialReference": { "wkid": 102100 },
  "nativeSR": { "wkid": 4326 },
  "features": [
    {
      "attributes": {
        "zip": "98033",
        "country": "United States",
        "currentstatus": "Moderate",
        "facilityid": "96A3BB9D994F8314BF5578FB8B2EED6E",
        "city": "city 1",
        "popPath": "app/nc4modules/RC/popupTemplates/all",
        "latitude": "47.68782",
        "clusterpriority": "270",
        "description": "This is a place that is great",
        "clusterTitle": "Company 1",
        "objtype": "impacted",
        "type": "multi-use location",
        "stateprovince": "WA",
        "facilityname": "Company 1",
        "street": "street 1",
        "iconType": "square",
        "updateddate": "2 months ago",
        "lastupdateddate": "1497925072709",
        "facilitytype": "multi-use location",
        "longitude": "-122.20948",
        "contactemail": "alex.chen@canviz.com",
        "showonmap": "1",
        "region": "Central America"
      },
      "geometry": {
        "x": -1.3604297083710752E7,
        "y": 6055075.457924712,
        "SpatialReference": { "wkid": 102100 }
      },
      "id": "96A3BB9D994F8314BF5578FB8B2EED6E"
    },
    {
      "attributes": {
        "zip": "91101",
        "country": "United States",
        "currentstatus": "Normal",
        "facilityid": "6137246C415085D7BC71022097029D31",
        "city": "city 2",
        "popPath": "app/nc4modules/RC/popupTemplates/all",
        "latitude": "34.14852",
        "clusterpriority": "240",
        "description": "incident description:story 1,#10; story 2,#10; story 3,#10;story 4.",
        "clusterTitle": "company 2",
        "objtype": "impacted",
        "type": "building",
        "stateprovince": "CA",
        "facilityname": "company 2",
        "street": "street 2",
        "iconType": "diamond",
        "updateddate": "1 month ago",
        "lastupdateddate": "1497925072709",
        "facilitytype": "building",
        "longitude": "-118.13316",
        "contactemail": "alex.chen@canviz.com",
        "region": "Oceania"
      },
      "geometry": {
        "x": -1.3150523217000315E7,
        "y": 4048762.110383314,
        "SpatialReference": { "wkid": 102100 }
      },
      "id": "6137246C415085D7BC71022097029D31"
    },
    {
      "attributes": {
        "zip": "",
        "country": "United States",
        "currentstatus": "Normal",
        "facilityid": "CC6806BBEECC1BB26C2CE616892E1D7F",
        "city": "city 3",
        "popPath": "app/nc4modules/RC/popupTemplates/all",
        "latitude": "38.89793",
        "clusterpriority": "40",
        "description": "company 3 description",
        "clusterTitle": "company 3",
        "objtype": "null",
        "type": "building",
        "stateprovince": "state 1",
        "facilityname": "company 3",
        "street": "",
        "iconType": "diamond",
        "updateddate": "3 months ago",
        "lastupdateddate": "1497925072709",
        "facilitytype": "building",
        "longitude": "-77.03643",
        "contactemail": "alex.chen@canviz.com",
        "showonmap": "1"
      },
      "geometry": {
        "x": -8575656.160131663,
        "y": 4707061.44887192,
        "SpatialReference": { "wkid": 102100 }
      },
      "id": "CC6806BBEECC1BB26C2CE616892E1D7F"
    },
    {
      "attributes": {
        "zip": "90245",
        "country": "United States",
        "currentstatus": "Normal",
        "facilityid": "FB03D6A6C01EEC1C1D5670AE62733F06",
        "city": "city 4",
        "popPath": "app/nc4modules/RC/popupTemplates/all",
        "latitude": "33.91742",
        "clusterpriority": "240",
        "description": "",
        "clusterTitle": "company 4",
        "objtype": "impacted",
        "type": "building",
        "stateprovince": "CA",
        "facilityname": "company 4",
        "street": "street 4",
        "iconType": "diamond",
        "updateddate": "3 months ago",
        "lastupdateddate": "1497925072709",
        "facilitytype": "building",
        "longitude": "-118.3949",
        "contactemail": "alex.chen@canviz.com",
        "showonmap": "1",
        "region": "Africa"
      },
      "geometry": {
        "x": -1.3179659980520545E7,
        "y": 4017718.932329917,
        "SpatialReference": { "wkid": 102100 }
      },
      "id": "FB03D6A6C01EEC1C1D5670AE62733F06"
    },
    {
      "attributes": {
        "zip": "21701",
        "country": "United States",
        "currentstatus": "Normal",
        "facilityid": "D56DFFEE7220F004604C70357ED311CD",
        "city": "city 5",
        "popPath": "app/nc4modules/RC/popupTemplates/all",
        "latitude": "39.42066",
        "clusterpriority": "40",
        "description": "HQ for company 5",
        "clusterTitle": "company 5",
        "objtype": "null",
        "type": "building",
        "stateprovince": "MD",
        "facilityname": "company 5",
        "street": "115 W 5th St",
        "iconType": "diamond",
        "updateddate": "21 days ago",
        "lastupdateddate": "1497925072709",
        "facilitytype": "building",
        "longitude": "-77.41187",
        "contactemail": "alex.chen@canviz.com",
        "showonmap": "0",
        "region": "South America"
      },
      "geometry": {
        "x": -8617449.94975509,
        "y": 4782107.888167876,
        "SpatialReference": { "wkid": 102100 }
      },
      "id": "D56DFFEE7220F004604C70357ED311CD"
    },
    {
      "attributes": {
        "zip": "",
        "country": "United States",
        "currentstatus": "Normal",
        "facilityid": "F30398FEDEFCCA3D3C8A84F365B03CBF",
        "city": "",
        "popPath": "app/nc4modules/RC/popupTemplates/all",
        "latitude": "38",
        "clusterpriority": "40",
        "description": "",
        "clusterTitle": "test",
        "objtype": "null",
        "type": "building",
        "stateprovince": "",
        "facilityname": "test",
        "street": "",
        "iconType": "diamond",
        "updateddate": "21 days ago",
        "lastupdateddate": "1497925072709",
        "facilitytype": "building",
        "longitude": "-97",
        "contactemail": "alex.chen@canviz.com",
        "showonmap": "0"
      },
      "geometry": {
        "x": -1.0797990606947536E7,
        "y": 4579425.812870097,
        "SpatialReference": { "wkid": 102100 }
      },
      "id": "F30398FEDEFCCA3D3C8A84F365B03CBF"
    }
  ],
  "objectIdFieldName": "facilityid",
  "_geometryServiceUrl": "http://tasks.arcgisonline.com/ArcGIS/rest/services/Geometry/GeometryServer",
  "layerSize": 6,
  "geometryType": "esriGeometryPoint",
  "fields": [
    {
      "name": "currentstatus",
      "type": "esriFieldTypeString",
      "alias": "Current Status",
      "length": 100,
      "isRequired": true
    },
    {
      "name": "updateddate",
      "type": "esriFieldTypeString",
      "alias": "Updated Date",
      "length": 100,
      "isRequired": true
    },
    {
      "name": "facilitytype",
      "type": "esriFieldTypeString",
      "alias": "Facility Type",
      "length": 100,
      "isRequired": true
    },
    {
      "name": "city",
      "type": "esriFieldTypeString",
      "alias": "City",
      "length": 100,
      "isRequired": false
    },
    {
      "name": "description",
      "type": "esriFieldTypeString",
      "alias": "Description",
      "length": 100,
      "isRequired": false
    },
    {
      "name": "latitude",
      "type": "esriFieldTypeString",
      "alias": "Latitude",
      "length": 100,
      "isRequired": true
    },
    {
      "name": "longitude",
      "type": "esriFieldTypeString",
      "alias": "Longitude",
      "length": 100,
      "isRequired": true
    },
    {
      "name": "country",
      "type": "esriFieldTypeString",
      "alias": "Country",
      "length": 100,
      "isRequired": false
    },
    {
      "name": "stateprovince",
      "type": "esriFieldTypeString",
      "alias": "State/Province",
      "length": 100,
      "isRequired": true
    },
    {
      "name": "street",
      "type": "esriFieldTypeString",
      "alias": "Street",
      "length": 100,
      "isRequired": false
    },
    {
      "name": "postal",
      "type": "esriFieldTypeString",
      "alias": "Postal",
      "length": 100,
      "isRequired": false
    },
    {
      "name": "facilityname",
      "type": "esriFieldTypeString",
      "alias": "Facility Name",
      "length": 100,
      "isRequired": true
    },
    {
      "name": "facilityid",
      "type": "esriFieldTypeOID",
      "alias": "Facility ID",
      "length": 100,
      "isRequired": true
    },
    {
      "name": "district",
      "type": "esriFieldTypeString",
      "alias": "District",
      "length": 100,
      "isRequired": false
    }
  ],
  "objectIdField": "facilityid",
  "ts": 1497925072715
}