[
  {
    "name": "All Global Content",
    "dateEnd": "",
    "dateStart": "",
    "filterCategory": "",
    "filterSubCategory": "",
    "incidents": "",
    "isOpen": true,
    "locations": "",
    "region": "",
    "severities": "",
    "ImpactedAssets": "",
    "country": "",
    "IsCurrent": true
  },
  {
    "name": "Proximity Warning Only",
    "dateEnd": "",
    "dateStart": "",
    "filterCategory": "",
    "filterSubCategory": "",
    "incidents": "",
    "isOpen": true,
    "locations": "",
    "region": "",
    "severities": "",
    "ImpactedAssets": "0",
    "country": "",
    "IsCurrent": false
  },
  {
    "name": "CyberTech India Only",
    "dateEnd": "",
    "dateStart": "",
    "filterCategory": "",
    "filterSubCategory": "",
    "incidents": "cybertech india",
    "isOpen": true,
    "locations": "",
    "region": "",
    "severities": "",
    "ImpactedAssets": "",
    "country": "",
    "IsCurrent": false
  },
  {
    "name": "USA Incidents Only",
    "dateEnd": "",
    "dateStart": "",
    "filterCategory": "",
    "filterSubCategory": "",
    "incidents": "",
    "isOpen": true,
    "locations": "",
    "region": "",
    "severities": "",
    "ImpactedAssets": "",
    "country": "united states",
    "IsCurrent": false
  },
  {
    "name": "Hide Minor Incidents",
    "dateEnd": "",
    "dateStart": "",
    "filterCategory": "",
    "filterSubCategory": "",
    "incidents": "",
    "isOpen": true,
    "locations": "",
    "region": "",
    "severities": "extreme,severe,moderate,unknown",
    "ImpactedAssets": "",
    "country": "",
    "IsCurrent": false
  },
  {
    "name": "Severe and Extreme Only",
    "dateEnd": "",
    "dateStart": "",
    "filterCategory": "",
    "filterSubCategory": "",
    "incidents": "nimc,cybertech india",
    "isOpen": true,
    "locations": "",
    "region": "",
    "severities": "extreme,severe",
    "ImpactedAssets": "",
    "country": "",
    "IsCurrent": false
  }
]