{
  "MetaData": {
    "ResourcesUsed": 1
  },
  "Result": {
    "publisherType": "USER",
    "orgName": null,
    "rootOrgName": "NC4 ActivTravel Demo Data",
    "documentType": "USER",
    "title": "demodata@nc4.com",
    "ttl": -1,
    "people": [
      {
        "lastName": "Demo Data Admin",
        "firstName": "NC4 ActivTravel",
        "emailAddresses": [
          {
            "isPrimary": true,
            "type": null,
            "email": "Shawna.Nomura@nc4.com"
          }
        ],
        "isPrimary": false,
        "fullName": "NC4 ActivTravel Demo Data Admin",
        "middleName": "",
        "personType": "F",
        "phoneNumbers": [],
        "personTypeAttributes": {}
      }
    ],
    "rootOrgId": "9940c7dea7f1f901890d475f1eacbaa",
    "orgId": "9940c7dea7f1f901890d475f1eacbaa",
    "partition": "internal-partition-id",
    "docTypeAttributes": {
      "UserProfile": {
        "nrcMapSettings": {
          "showPoweredBy": false,
          "proximityWarningEnabled": true,
          "logoTitle": "NC4-logo-white.svg",
          "severeEnabled": true,
          "minorRadius": 5,
          "moderateRadius": 10,
          "minorEnabled": true,
          "moderateEnabled": true,
          "severeRadius": 30,
          "extremeEnabled": true,
          "extremeRadius": 50,
          "colorPalette": "NC4Blue"
        },
        "userTravelSettings": {
          "savedReports": [
            {
              "ReportID": "ec7e7765-df8d-42c0-acad-645ea7bc0731",
              "Scheduled": "weekly",
              "ReportFormat": "PDF",
              "From": "boothc@canviz.com",
              "SendTo": [
                "test@test.com",
                "test1@test.com",
                "test2@test.com"
              ],
              "ViewFields": [],
              "Filters": [
                {
                  "region": [
                    "North America",
                    "Asia"
                  ]
                },
                {
                  "country": [
                    "United States",
                    "China"
                  ]
                }
              ],
              "IsSubscribed": false,
              "ReportName": "North America Report",
              "ReportType": "ExecutiveSummary",
              "DeliveryDayOfWeek": "Monday",
              "DeliveryDayOfMonth": 8,
              "UID": "7d2bc138e5b7a2bf935e8b196dc39ce9"
            },
            {
              "ReportID": "ec7e7765-df8d-42c0-acad-645ea7bc0712",
              "Scheduled": "weekly",
              "ReportFormat": "PDF",
              "From": "boothc@canviz.com",
              "SendTo": [
                "test@test.com",
                "test1@test.com",
                "test2@test.com"
              ],
              "ViewFields": [],
              "Filters": [
                {
                  "region": [
                    "North America",
                    "Asia"
                  ]
                }
              ],
              "IsSubscribed": false,
              "ReportName": "North America Report02",
              "ReportType": "ExecutiveSummary",
              "DeliveryDayOfWeek": "Monday",
              "DeliveryDayOfMonth": 8,
              "UID": "7d2bc138e5b7a2bf935e8b196dc39ce9"
            },
            {
              "ReportID": "ec7e7765-df8d-42c0-acad-645ea7bc0730",
              "Scheduled": "monthly",
              "ReportFormat": "HTML",
              "From": "boothc@canviz.com",
              "SendTo": [
                "test@test.com",
                "test1@test.com"
              ],
              "ViewFields": [
                "country",
                "city",
                "name",
                "id",
                "email",
                "phone"
              ],
              "Filters": [
                {
                  "startdate": [
                    "2018-08-15"
                  ]
                },
                {
                  "enddate": [
                    "2018-09-12"
                  ]
                },
                {
                  "region": [
                    "North America",
                    "Asia"
                  ]
                },
                {
                  "country": [
                    "United States",
                    "China"
                  ]
                },
                {
                  "segmenttype": [
                    "hotel",
                    "vehicle"
                  ]
                },
                {
                  "riskrating": [
                    2,
                    3
                  ]
                }
              ],
              "IsSubscribed": true,
              "ReportName": "Western Europe Report",
              "ReportType": "TravelLocations",
              "DeliveryDayOfWeek": "Monday",
              "DeliveryDayOfMonth": 8,
              "DeliveryTimeOfDay": "11:08 AM",
              "UID": "7d2bc138e5b7a2bf935e8b196dc39ce9"
            },
            {
              "ReportID": "ec7e7765-df8d-42c0-acad-645ea7bc0735",
              "Scheduled": "monthly",
              "ReportFormat": "HTML",
              "From": "boothc@canviz.com",
              "SendTo": [
                "test@test.com",
                "test1@test.com"
              ],
              "IsSubscribed": true,
              "ReportName": "Single Detail Report",
              "ReportType": "ItineraryDetail",
              "DeliveryDayOfWeek": "Monday",
              "DeliveryDayOfMonth": 1,
              "UID": "7d2bc138e5b7a2bf935e8b196dc39ce9",
              "PropertyBags": {
                "CorrelationId": "9C60FF1D230249C094A47C86D019E7ED"
              }
            }
          ]
        }
      }
    },
    "isDeleted": false,
    "audit": {
      "createdDate": "2017-07-31T15:25:47.878+00:00",
      "updatedBy": "NC4 ActivTravel Demo Data Admin",
      "createdBy": "Shawna Nomura",
      "createdVersion": "7.9.0.db-01",
      "updatedOrg": "NC4 ActivTravel Demo Data",
      "updatedDate": "2018-07-12T08:20:15.713+00:00",
      "updatedVersion": "7.9.0.db-01",
      "createdOrg": "NC4"
    },
    "publisher": "RC",
    "correlationId": "7d2bc138e5b7a2bf935e8b196dc39ce9",
    "locations": [
      {
        "country": "United States",
        "city": "",
        "countryISO": null,
        "name": null,
        "locTypeAttributes": null,
        "stateProvince": "CA",
        "locationType": null,
        "locationCode": null,
        "region": "North America",
        "point": {
          "coordinates": [
            0.0,
            0.0
          ],
          "type": "point"
        }
      }
    ],
    "id": "7d2bc138e5b7a2bf935e8b196dc39ce9",
    "isHistory": false,
    "_rid": "rO87APZxXgIhAAAAAAAAAA==",
    "_self": "dbs/rO87AA==/colls/rO87APZxXgI=/docs/rO87APZxXgIhAAAAAAAAAA==/",
    "_etag": "\"00007c99-0000-0000-0000-5b4711980000\"",
    "_attachments": "attachments/",
    "_ts": 1531384216,
    "relatedItems": [
      {
        "partition": "some-partition-id",
        "id": "9940c9a9a7f1f901890d475e324c50e",
        "label": "NC4 ActivTravel Demo Data AdminGroup",
        "relation": "memberOf"
      },
      {
        "partition": "some-partition-id",
        "id": "FB4CCBBAC4914E3E88AEA17661A35949",
        "label": "NC4 ActivTravel Demo Data",
        "relation": "memberOf"
      },
      {
        "partition": "some-partition-id",
        "id": "9940c7dea7f1f901890d475f1eacbaa",
        "label": "NC4 ActivTravel Demo Data",
        "relation": "adminOfOrg"
      },
      {
        "partition": "some-partition-id",
        "id": "fb1fce3da7f1f90461f0f72819048b8",
        "label": "NC4 ActivTravel Demo Suborg 1",
        "relation": "adminOfOrg"
      },
      {
        "partition": "some-partition-id",
        "id": "9940c7dea7f1f901890d475f1eacbaa",
        "label": "NC4 ActivTravel Demo Data",
        "relation": "rootOrg"
      }
    ]
  }
}