{
  "spatialReference": { "wkid": 102100 },
  "nativeSR": { "wkid": 4326 },
  "features": [
    {
      "type": "building",
      "count": 1,
      "attributes": {       
        "contactemail": "",
        "country": "France",
        "facilityid": "27FA310C8111AF9C21A957AD34BE9DDD",
        "city": "Paris",
        "lid": "locationaz",
        "latitude": "48.86319",
        "description": "",
        "clusterTitle": "Melody - France",
        "type": "building",
        "facilityname": "Melody - France",
        "sid": "location",
        "lastupdateddate": "1501867524221",
        "street": "",
        "iconType": "diamond",
        "clusteredNames": "Melody - France",
        "longitude": "2.33975",
        "zip": "",
        "currentstatus": "Normal",
        "c": "1",
        "popPath": "app/nc4modules/RC/popupTemplates/all",
        "clusterpriority": "40",
        "objtype": "null",
        "showonmap": "1",
        "stateprovince": "",
        "district": "",
        "updateddate": "3 days ago",
        "facilitytype": "building",
        "region": "Europe",
        "clusteredIds": "27FA310C8111AF9C21A957AD34BE9DDD"
      },
      "geometry": {
        "x": 260459.77858356186,
        "y": 6251679.40137468,
        "SpatialReference": { "wkid": 102100 }
      },
      "id": "27FA310C8111AF9C21A957AD34BE9DDD"
    },
    {
      "type": "building",
      "count": 1,
      "attributes": {
        "contactemail": "",
        "country": "China",
        "facilityid": "76DD38A975D48460E5C5FF6A2A25F175",
        "city": "Beijing",
        "lid": "locationaz",
        "latitude": "39.90657",
        "description": "",
        "clusterTitle": "Melody - China",
        "type": "building",
        "facilityname": "Melody - China",
        "sid": "location",
        "lastupdateddate": "1501867476690",
        "street": "",
        "iconType": "diamond",
        "clusteredNames": "Melody - China",
        "longitude": "116.38765",
        "zip": "",
        "currentstatus": "Normal",
        "c": "1",
        "popPath": "app/nc4modules/RC/popupTemplates/all",
        "clusterpriority": "40",
        "objtype": "null",
        "showonmap": "1",
        "stateprovince": "Beijing",
        "district": "",
        "updateddate": "3 days ago",
        "facilitytype": "building",
        "region": "Asia",
        "clusteredIds": "76DD38A975D48460E5C5FF6A2A25F175"
      },
      "geometry": {
        "x": 1.2956213932625748E7,
        "y": 4852374.560666942,
        "SpatialReference": { "wkid": 102100 }
      },
      "id": "76DD38A975D48460E5C5FF6A2A25F175"
    },
    {
      "type": "building",
      "count": 1,
      "attributes": {
        "contactemail": "",
        "country": "United States",
        "facilityid": "E1456F0902C8FB8DDD0A2991001AD422",
        "city": "",
        "lid": "locationaz",
        "latitude": "21.505",
        "description": "",
        "clusterTitle": "Melody - Hawaii",
        "type": "building",
        "facilityname": "Melody - Hawaii",
        "sid": "location",
        "lastupdateddate": "1501868278002",
        "street": "",
        "iconType": "diamond",
        "clusteredNames": "Melody - Hawaii",
        "longitude": "-158.039",
        "zip": "",
        "currentstatus": "Normal",
        "c": "1",
        "popPath": "app/nc4modules/RC/popupTemplates/all",
        "clusterpriority": "40",
        "objtype": "null",
        "showonmap": "1",
        "stateprovince": "HI",
        "district": "",
        "updateddate": "3 days ago",
        "facilitytype": "building",
        "region": "North America",
        "clusteredIds": "E1456F0902C8FB8DDD0A2991001AD422"
      },
      "geometry": {
        "x": -1.759282100547816E7,
        "y": 2452197.320945893,
        "SpatialReference": { "wkid": 102100 }
      },
      "id": "E1456F0902C8FB8DDD0A2991001AD422"
    },
    {
      "type": "building",
      "count": 1,
      "attributes": {
        "contactemail": "",
        "country": "New Zealand",
        "facilityid": "A808BA2C3CC786FF5AB38DD21603C979",
        "city": "",
        "lid": "locationaz",
        "latitude": "-41",
        "description": "",
        "clusterTitle": "Melody - New Zealand",
        "type": "building",
        "facilityname": "Melody - New Zealand",
        "sid": "location",
        "lastupdateddate": "1501868049862",
        "street": "",
        "iconType": "diamond",
        "clusteredNames": "Melody - New Zealand",
        "longitude": "174",
        "zip": "",
        "currentstatus": "Normal",
        "c": "1",
        "popPath": "app/nc4modules/RC/popupTemplates/all",
        "clusterpriority": "40",
        "objtype": "null",
        "showonmap": "1",
        "stateprovince": "",
        "district": "",
        "updateddate": "3 days ago",
        "facilitytype": "building",
        "region": "Oceania",
        "clusteredIds": "A808BA2C3CC786FF5AB38DD21603C979"
      },
      "geometry": {
        "x": 1.93695913980296E7,
        "y": -5012341.663847516,
        "SpatialReference": { "wkid": 102100 }
      },
      "id": "A808BA2C3CC786FF5AB38DD21603C979"
    },
    {
      "type": "building",
      "count": 1,
      "attributes": {
        "contactemail": "",
        "country": "United States",
        "facilityid": "FB03D6A6C01EEC1C1D5670AE62733F06",
        "city": "El Segundo",
        "lid": "locationaz",
        "latitude": "33.91742",
        "description": "",
        "clusterTitle": "NC4 - El Segundo",
        "type": "building",
        "facilityname": "NC4 - El Segundo",
        "sid": "location",
        "lastupdateddate": "1488317658182",
        "street": "100 N Sepulveda Blvd",
        "iconType": "diamond",
        "clusteredNames": "NC4 - El Segundo",
        "longitude": "-118.3949",
        "zip": "90245",
        "currentstatus": "Normal",
        "c": "1",
        "popPath": "app/nc4modules/RC/popupTemplates/all",
        "clusterpriority": "240",
        "objtype": "impacted",
        "showonmap": "1",
        "stateprovince": "CA",
        "district": "",
        "updateddate": "5 months ago",
        "facilitytype": "building",
        "region": "North America",
        "clusteredIds": "FB03D6A6C01EEC1C1D5670AE62733F06"
      },
      "geometry": {
        "x": -1.3179659980520545E7,
        "y": 4017718.932329917,
        "SpatialReference": { "wkid": 102100 }
      },
      "id": "FB03D6A6C01EEC1C1D5670AE62733F06"
    },
    {
      "type": "building",
      "count": 1,
      "attributes": {
        "contactemail": "",
        "country": "United States",
        "facilityid": "F30398FEDEFCCA3D3C8A84F365B03CBF",
        "city": "",
        "lid": "locationaz",
        "latitude": "38",
        "description": "",
        "clusterTitle": "test",
        "type": "building",
        "facilityname": "test",
        "sid": "location",
        "lastupdateddate": "1495743068705",
        "street": "",
        "iconType": "diamond",
        "clusteredNames": "test",
        "longitude": "-97",
        "zip": "",
        "currentstatus": "Normal",
        "c": "1",
        "popPath": "app/nc4modules/RC/popupTemplates/all",
        "clusterpriority": "40",
        "objtype": "null",
        "showonmap": "1",
        "stateprovince": "",
        "district": "",
        "updateddate": "2 months ago",
        "facilitytype": "building",
        "region": "North America",
        "clusteredIds": "F30398FEDEFCCA3D3C8A84F365B03CBF"
      },
      "geometry": {
        "x": -1.0797990606947536E7,
        "y": 4579425.812870097,
        "SpatialReference": { "wkid": 102100 }
      },
      "id": "F30398FEDEFCCA3D3C8A84F365B03CBF"
    },
    {
      "type": "building",
      "count": 1,
      "attributes": {
        "contactemail": "",
        "country": "United States",
        "facilityid": "CC6806BBEECC1BB26C2CE616892E1D7F",
        "city": "Washington",
        "lid": "locationaz",
        "latitude": "38.89793",
        "description": "the white house",
        "clusterTitle": "White House",
        "type": "building",
        "facilityname": "White House",
        "sid": "location",
        "lastupdateddate": "1488498187970",
        "street": "",
        "iconType": "diamond",
        "clusteredNames": "White House",
        "longitude": "-77.03643",
        "zip": "",
        "currentstatus": "Normal",
        "c": "1",
        "popPath": "app/nc4modules/RC/popupTemplates/all",
        "clusterpriority": "240",
        "objtype": "impacted",
        "showonmap": "1",
        "stateprovince": "DC",
        "district": "",
        "updateddate": "5 months ago",
        "facilitytype": "building",
        "region": "North America",
        "clusteredIds": "CC6806BBEECC1BB26C2CE616892E1D7F"
      },
      "geometry": {
        "x": -8575656.160131663,
        "y": 4707061.44887192,
        "SpatialReference": { "wkid": 102100 }
      },
      "id": "CC6806BBEECC1BB26C2CE616892E1D7F"
    },
    {
      "type": "building",
      "count": 1,
      "attributes": {
        "contactemail": "",
        "country": "India",
        "facilityid": "2A72CA29B825EE8384AD8027806A5087",
        "city": "",
        "lid": "locationaz",
        "latitude": "20",
        "description": "",
        "clusterTitle": "Melody - India",
        "type": "building",
        "facilityname": "Melody - India",
        "sid": "location",
        "lastupdateddate": "1501867651009",
        "street": "",
        "iconType": "diamond",
        "clusteredNames": "Melody - India",
        "longitude": "77",
        "zip": "",
        "currentstatus": "Normal",
        "c": "1",
        "popPath": "app/nc4modules/RC/popupTemplates/all",
        "clusterpriority": "40",
        "objtype": "null",
        "showonmap": "1",
        "stateprovince": "",
        "district": "",
        "updateddate": "3 days ago",
        "facilitytype": "building",
        "region": "Asia",
        "clusteredIds": "2A72CA29B825EE8384AD8027806A5087"
      },
      "geometry": {
        "x": 8571600.791082066,
        "y": 2273030.9269876885,
        "SpatialReference": { "wkid": 102100 }
      },
      "id": "2A72CA29B825EE8384AD8027806A5087"
    },
    {
      "type": "building",
      "count": 1,
      "attributes": {
        "contactemail": "",
        "country": "Mexico",
        "facilityid": "49414E740882E25027B3C2E4B235686E",
        "city": "",
        "lid": "locationaz",
        "latitude": "23",
        "description": "",
        "clusterTitle": "Melody - Mexico",
        "type": "building",
        "facilityname": "Melody - Mexico",
        "sid": "location",
        "lastupdateddate": "1501867699130",
        "street": "",
        "iconType": "diamond",
        "clusteredNames": "Melody - Mexico",
        "longitude": "-102",
        "zip": "",
        "currentstatus": "Normal",
        "c": "1",
        "popPath": "app/nc4modules/RC/popupTemplates/all",
        "clusterpriority": "40",
        "objtype": "null",
        "showonmap": "1",
        "stateprovince": "",
        "district": "",
        "updateddate": "3 days ago",
        "facilitytype": "building",
        "region": "Central America",
        "clusteredIds": "49414E740882E25027B3C2E4B235686E"
      },
      "geometry": {
        "x": -1.1354588060913904E7,
        "y": 2632018.6375864246,
        "SpatialReference": { "wkid": 102100 }
      },
      "id": "49414E740882E25027B3C2E4B235686E"
    },
    {
      "type": "building",
      "count": 2,
      "attributes": {
        "contactemail": "",
        "country": "United States",
        "facilityid": "AC0A44F01F7F3E22A46204E32B29EB23",
        "city": "",
        "lid": "locationaz",
        "latitude": "42.966595",
        "description": "",
        "clusterTitle": "2 overlapping items ",
        "type": "building",
        "facilityname": "Amway Grand Plaza, Curio Collection by Hilton - Franchised - Mike Donnelly - 616-774-2567000 - mdonfghnelly@ahfghcfghgffhhospitality.com",
        "sid": "location",
        "lastupdateddate": "1500317370485",
        "street": "",
        "iconType": "diamond",
        "clusteredNames": "Amway Grand Plaza, Curio Collection by Hilton - Franchised - Mike Donnelly - 616-774-2567000 - mdonfghnelly@ahfghcfghgffhhospitality.com,_-_Homewood Suites by Hilton Grand Rapids Downtown, MI - Franchised - Elijah  Steinmetz - 6162300 - esteinhjhjmetz@hkjhhospec.com",
        "longitude": "-85.673651",
        "zip": "",
        "currentstatus": "Minor",
        "c": "2",
        "popPath": "app/nc4modules/RC/popupTemplates/all",
        "clusterpriority": "60",
        "objtype": "cluster",
        "showonmap": "1",
        "stateprovince": "",
        "district": "",
        "name": "2 overlapping items ",
        "updateddate": "21 days ago",
        "facilitytype": "building",
        "region": "North America",
        "clusteredIds": "AC0A44F01F7F3E22A46204E32B29EB23,F920D5C29F4AE751FDB3EC5271D74050"
      },
      "geometry": {
        "x": -9537147.203720635,
        "y": 5306888.646732467,
        "SpatialReference": { "wkid": 102100 }
      },
      "id": "AC0A44F01F7F3E22A46204E32B29EB23"
    },
    {
      "type": "building",
      "count": 1,
      "attributes": {
        "contactemail": "eric.hankins@nc4.com",
        "country": "United States",
        "facilityid": "D56DFFEE7220F004604C70357ED311CD",
        "city": "Frederick",
        "lid": "locationaz",
        "latitude": "39.42066",
        "description": "HQ for Product Management Jamboree Services, North America.",
        "clusterTitle": "Frederick HQ, test",
        "type": "building",
        "facilityname": "Frederick HQ, test",
        "sid": "location",
        "lastupdateddate": "1500314253782",
        "street": "115 W 5th St",
        "iconType": "diamond",
        "clusteredNames": "Frederick HQ, test",
        "longitude": "-77.41187",
        "zip": "21701",
        "currentstatus": "Normal",
        "c": "1",
        "popPath": "app/nc4modules/RC/popupTemplates/all",
        "clusterpriority": "40",
        "objtype": "null",
        "showonmap": "1",
        "stateprovince": "MD",
        "district": "",
        "updateddate": "21 days ago",
        "facilitytype": "building",
        "region": "North America",
        "clusteredIds": "D56DFFEE7220F004604C70357ED311CD"
      },
      "geometry": {
        "x": -8617449.94975509,
        "y": 4782107.888167876,
        "SpatialReference": { "wkid": 102100 }
      },
      "id": "D56DFFEE7220F004604C70357ED311CD"
    },
    {
      "type": "building",
      "count": 1,
      "attributes": {
        "contactemail": "",
        "country": "Canada",
        "facilityid": "905777A7ED4B66BAEDC80ACD02554F58",
        "city": "Calgary",
        "lid": "locationaz",
        "latitude": "51.04532",
        "description": "",
        "clusterTitle": "S&O",
        "type": "building",
        "facilityname": "S&O",
        "sid": "location",
        "lastupdateddate": "1498611696072",
        "street": "",
        "iconType": "diamond",
        "clusteredNames": "S&O",
        "longitude": "-114.06301",
        "zip": "",
        "currentstatus": "Normal",
        "c": "1",
        "popPath": "app/nc4modules/RC/popupTemplates/all",
        "clusterpriority": "40",
        "objtype": "null",
        "showonmap": "1",
        "stateprovince": "AB",
        "district": "",
        "updateddate": "1 month ago",
        "facilitytype": "building",
        "region": "North America",
        "clusteredIds": "905777A7ED4B66BAEDC80ACD02554F58"
      },
      "geometry": {
        "x": -1.2697436191548072E7,
        "y": 6629314.224636359,
        "SpatialReference": { "wkid": 102100 }
      },
      "id": "905777A7ED4B66BAEDC80ACD02554F58"
    },
    {
      "type": "building",
      "count": 1,
      "attributes": {
        "contactemail": "",
        "country": "United States",
        "facilityid": "6137246C415085D7BC71022097029D31",
        "city": "Pasadena",
        "lid": "locationaz",
        "latitude": "34.14852",
        "description": "",
        "clusterTitle": "Everbridge Headquarters",
        "type": "building",
        "facilityname": "Everbridge Headquarters",
        "sid": "location",
        "lastupdateddate": "1492707342442",
        "street": "155 N Lake Ave",
        "iconType": "diamond",
        "clusteredNames": "Everbridge Headquarters",
        "longitude": "-118.13316",
        "zip": "91101",
        "currentstatus": "Normal",
        "c": "1",
        "popPath": "app/nc4modules/RC/popupTemplates/all",
        "clusterpriority": "240",
        "objtype": "impacted",
        "showonmap": "1",
        "stateprovince": "CA",
        "district": "",
        "updateddate": "3 months ago",
        "facilitytype": "building",
        "region": "North America",
        "clusteredIds": "6137246C415085D7BC71022097029D31"
      },
      "geometry": {
        "x": -1.3150523217000315E7,
        "y": 4048762.110383314,
        "SpatialReference": { "wkid": 102100 }
      },
      "id": "6137246C415085D7BC71022097029D31"
    },
    {
      "type": "multi-use location",
      "count": 1,
      "attributes": {
        "contactemail": "email@email.com",
        "country": "United States",
        "facilityid": "96A3BB9D994F8314BF5578FB8B2EED6E",
        "city": "Kirkland",
        "lid": "locationaz",
        "latitude": "47.68782",
        "description": "This is canviz a place that is great",
        "clusterTitle": "Canviz Consulting",
        "type": "multi-use location",
        "facilityname": "Canviz Consulting",
        "sid": "location",
        "lastupdateddate": "1490024370498",
        "street": "1524 Market St",
        "iconType": "square",
        "clusteredNames": "Canviz Consulting",
        "longitude": "-122.20948",
        "zip": "98033",
        "currentstatus": "Moderate",
        "c": "1",
        "popPath": "app/nc4modules/RC/popupTemplates/all",
        "clusterpriority": "270",
        "objtype": "impacted",
        "showonmap": "1",
        "stateprovince": "WA",
        "district": "",
        "updateddate": "4 months ago",
        "facilitytype": "multi-use location",
        "region": "North America",
        "clusteredIds": "96A3BB9D994F8314BF5578FB8B2EED6E"
      },
      "geometry": {
        "x": -1.3604297083710752E7,
        "y": 6055075.457924712,
        "SpatialReference": { "wkid": 102100 }
      },
      "id": "96A3BB9D994F8314BF5578FB8B2EED6E"
    }
  ],
  "objectIdFieldName": "facilityid",
  "_geometryServiceUrl": "http://tasks.arcgisonline.com/ArcGIS/rest/services/Geometry/GeometryServer",
  "layerSize": 20,
  "useBbox": "true",
  "ts": 1502170015810,
  "geometryType": "esriGeometryPoint",
  "fields": [
    {
      "name": "currentstatus",
      "type": "esriFieldTypeString",
      "alias": "Current Status",
      "length": 100,
      "isRequired": true,
      "inIntersect": true
    },
    {
      "name": "showonmap",
      "type": "esriFieldTypeString",
      "alias": "Show On Map",
      "length": 100,
      "isRequired": true,
      "inIntersect": false
    },
    {
      "name": "updateddate",
      "type": "esriFieldTypeString",
      "alias": "Updated Date",
      "length": 100,
      "isRequired": true,
      "inIntersect": true
    },
    {
      "name": "facilitytype",
      "type": "esriFieldTypeString",
      "alias": "Facility Type",
      "length": 100,
      "isRequired": true,
      "inIntersect": true
    },
    {
      "name": "city",
      "type": "esriFieldTypeString",
      "alias": "City",
      "length": 100,
      "isRequired": true,
      "inIntersect": false
    },
    {
      "name": "description",
      "type": "esriFieldTypeString",
      "alias": "Description",
      "length": 100,
      "isRequired": true,
      "inIntersect": false
    },
    {
      "name": "latitude",
      "type": "esriFieldTypeString",
      "alias": "Latitude",
      "length": 100,
      "isRequired": true,
      "inIntersect": true
    },
    {
      "name": "longitude",
      "type": "esriFieldTypeString",
      "alias": "Longitude",
      "length": 100,
      "isRequired": true,
      "inIntersect": true
    },
    {
      "name": "country",
      "type": "esriFieldTypeString",
      "alias": "Country",
      "length": 100,
      "isRequired": true,
      "inIntersect": false
    },
    {
      "name": "contactemail",
      "type": "esriFieldTypeString",
      "alias": "Contact Email",
      "length": 100,
      "isRequired": true,
      "inIntersect": false
    },
    {
      "name": "stateprovince",
      "type": "esriFieldTypeString",
      "alias": "State/Province",
      "length": 100,
      "isRequired": true,
      "inIntersect": true
    },
    {
      "name": "street",
      "type": "esriFieldTypeString",
      "alias": "Street",
      "length": 100,
      "isRequired": true,
      "inIntersect": false
    },
    {
      "name": "postal",
      "type": "esriFieldTypeString",
      "alias": "Postal",
      "length": 100,
      "isRequired": true,
      "inIntersect": false
    },
    {
      "name": "region",
      "type": "esriFieldTypeString",
      "alias": "Region",
      "length": 100,
      "isRequired": true,
      "inIntersect": false
    },
    {
      "name": "facilityname",
      "type": "esriFieldTypeString",
      "alias": "Facility Name",
      "length": 100,
      "isRequired": true,
      "inIntersect": true
    },
    {
      "name": "facilityid",
      "type": "esriFieldTypeOID",
      "alias": "Facility ID",
      "length": 100,
      "isRequired": true,
      "inIntersect": true
    },
    {
      "name": "district",
      "type": "esriFieldTypeString",
      "alias": "District",
      "length": 100,
      "isRequired": true,
      "inIntersect": false
    }
  ],
  "objectIdField": "facilityid"
}
