{
  "incidents": [
    {
      "id": "B6E234176ACDD36A3C2554E05069C79A",
      "n": [
        {
          "id": "6137246C415085D7BC71022097029D31",
          "s": "extreme",
          "d": 23.9498852036898
        }
      ]
    },
    {
      "id": "EB6F440EF85DC5CEDA9295FC787B3391",
      "n": [
        {
          "id": "6137246C415085D7BC71022097029D31",
          "s": "extreme",
          "d": 19.1252453154495
        }
      ]
    },
    {
      "id": "2AFBDB1ED8704CCCB2DB6D8A7BF01A13",
      "n": [
        {
          "id": "6137246C415085D7BC71022097029D31",
          "s": "extreme",
          "d": 18.6323281290505
        }
      ]
    },
    {
      "id": "BF72BBE3642F132C3CC79A201E96CD8D",
      "n": [
        {
          "id": "6137246C415085D7BC71022097029D31",
          "s": "extreme",
          "d": 29.1563284342647
        }
      ]
    },
    {
      "id": "5406D8F6BC76CCD70707C0EAD4995B4F",
      "n": [
        {
          "id": "6137246C415085D7BC71022097029D31",
          "s": "extreme",
          "d": 23.9498852036898
        }
      ]
    },
    {
      "id": "FCC158A24BE5E6F9B91CC93336DB1E0F",
      "n": [
        {
          "id": "6137246C415085D7BC71022097029D31",
          "s": "extreme",
          "d": 12.5291179335669
        }
      ]
    },
    {
      "id": "DD5799B6CA6E6258C27177D2D4AB85E2",
      "n": [
        {
          "id": "6137246C415085D7BC71022097029D31",
          "s": "extreme",
          "d": 26.2461981482914
        }
      ]
    }
  ]
}
