{
  "assets": [
    {
      "id": "6137246C415085D7BC71022097029D31",
      "n": [
        {
          "id": "B6E234176ACDD36A3C2554E05069C79A",
          "s": "minor",
          "ic": "Hazmat",
          "it": "Natural Gas Leak",
          "d": 12.5291179335669
        },
        {
          "id": "1D4144B854A55BEF424818165BAC2C46",
          "s": "moderate",
          "ic": "Hazmat",
          "it": "Fuel Spill",
          "d": 18.6323281290505
        },
        {
          "id": "EB6F440EF85DC5CEDA9295FC787B3391",
          "s": "severe",
          "ic": "Fire",
          "it": "6+ Alarm Fire",
          "d": 19.1252453154495
        },
        {
          "id": "5406D8F6BC76CCD70707C0EAD4995B4F",
          "s": "severe",
          "ic": "Fire",
          "it": "6+ Alarm Fire",
          "d": 23.9498852036898
        },
        {
          "id": "41C8331036D357B279A8C0CE84617AE6",
          "s": "severe",
          "ic": "Fire",
          "it": "6+ Alarm Fire",
          "d": 23.9498852036898
        },
        {
          "id": "DD5799B6CA6E6258C27177D2D4AB85E2",
          "s": "severe",
          "ic": "Fire",
          "it": "Brush Fire",
          "d": 26.2461981482914
        },
        {
          "id": "BF72BBE3642F132C3CC79A201E96CD8D",
          "s": "severe",
          "ic": "Terrorism",
          "it": "Radiological",
          "d": 29.1563284342647
        }
      ],
      "s": "extreme",
      "cd": 12.5291179335669
    }
  ]
}
