[
  {
    "identifier": "1970D68F53D1E14F0779811058504DCE.1467602553698",
    "sender": "cap@NC4.com",
    "password": "password",
    "sent": "2016-07-01T17:09:27.000-04:00",
    "status": "Actual",
    "scope": "Restricted",
    "restriction": "Canviz/melody.she@canviz.com",
    "msgType": "Alert",
    "incidents": "00228052EC876D998A3918D7638BFC4F",
    "source": "NIMC",
    "info_category": "Infra",
    "info_event": "Power Outage",
    "info_urgency": "Immediate",
    "info_severity": "Moderate",
    "info_senderName": "sender name",
    "info_certainty": "Likely",
    "info_headline": "Union County - First Energy reports that over 9,000 customers are without power in the area.",
    "info_description": "First Energy reports that over 9,000 customers are without power throughout Union county. The outage was reportedly caused by the weather. There is currently no estimated time of restoration. Expect related disruptions.",
    "info_eventCode_NC4_NIMC": "Infrastructure",
    "correlation_id": "86581750-6eb4-41e1-9f43-c10b804b0bba",
    "datetimereceived": "2016-07-01 17:10:22.087",
    "parameter_Magnitude": "Magnitude",
    "parameter_TSCategory": "TSCategory",
    "parameter_Actor": "Actor",
    "parameter_Contained": "85",
    "parameter_AcresBurned": "47864",
    "cs_row": "48019",
    "info_eventCode_NC4_GFP": "GFP",
    "info_resource_resourceDesc": "resource Desc",
    "info_resource_uri": "http://6abc.com/news/atm-explodes-in-strawberry-mansion/1412466/",
    "info_resource_mimeType": "text/html",
    "info_resource_size": "1024",
    "info_resource_derefURI": "http://6abc.com/news/atm-explodes-in-strawberry-mansion/1412466/",
    "info_specialEvent": "special event",
    "areaDesc": "Thanon Chakphet & Soi Rongya",
    "circle": "13.74184,100.49766 0",
    "street": "Thanon Chakphet & Soi Rongya",
    "crossstreet": "cross street",
    "city": "Bangkok",
    "county": "Alachua",
    "district": "district",
    "state": "FL",
    "country": "United States",
    "region": "North America",
    "postal": "32601",
    "latitude": "29.65456",
    "longitude": "-82.33308",
    "location_id": "372"
  },
  {
    "identifier": "ACC39C43F82F93D2CB4221450EFB8F80.1467391574449",
    "sender": "cap@NC4.com",
    "password": "password",
    "sent": "2016-07-01T17:09:27.000-04:00",
    "status": "Actual",
    "scope": "Restricted",
    "restriction": "Canviz/melody.she@canviz.com",
    "msgType": "Alert",
    "incidents": "ACC39C43F82F93D2CB4221450EFB8F80",
    "source": "NIMC",
    "info_category": "Infra",
    "info_event": "Power Outage",
    "info_urgency": "Immediate",
    "info_severity": "Extreme",
    "info_senderName": "sender name",
    "info_certainty": "Likely",
    "info_headline": "Union County - First Energy reports that over 9,000 customers are without power in the area.",
    "info_description": "First Energy reports that over 9,000 customers are without power throughout Union county. The outage was reportedly caused by the weather. There is currently no estimated time of restoration. Expect related disruptions.",
    "info_eventCode_NC4_NIMC": "Fire",
    "correlation_id": "86581750-6eb4-41e1-9f43-c10b804b0bba",
    "datetimereceived": "2016-07-01 17:10:22.087",
    "parameter_Magnitude": "Magnitude",
    "parameter_TSCategory": "TSCategory",
    "parameter_Actor": "Actor",
    "parameter_Contained": "85",
    "parameter_AcresBurned": "47864",
    "cs_row": "48019",
    "info_eventCode_NC4_GFP": "GFP",
    "info_resource_resourceDesc": "resource Desc",
    "info_resource_uri": "http://6abc.com/news/atm-explodes-in-strawberry-mansion/1412466/",
    "info_resource_mimeType": "text/html",
    "info_resource_size": "1024",
    "info_resource_derefURI": "http://6abc.com/news/atm-explodes-in-strawberry-mansion/1412466/",
    "info_specialEvent": "special event",
    "areaDesc": "Thanon Chakphet & Soi Rongya",
    "circle": "13.74184,100.49766 0",
    "street": "Thanon Chakphet & Soi Rongya",
    "crossstreet": "cross street",
    "city": "Bangkok",
    "county": "Alachua",
    "district": "district",
    "state": "FL",
    "country": "United States",
    "region": "North America",
    "postal": "32601",
    "latitude": "35",
    "longitude": "-118",
    "location_id": "372"
  }

]