{
  "MetaData": {
    "ResourcesUsed": 31
  },
  "Result": [
    {
      "id": "6QTFPI-",
      "fullName": "Michael Mckenzie",
      "firstName": "Michael",
      "lastName": "Mckenzie",
      "email": [
        {
          "isPrimary": true,
          "type": "unknown",
          "email": "sampleactivtravelalerts@nc4.com"
        }
      ],
      "phone": [
        {
          "isPrimary": true,
          "type": "unknown",
          "number": "9980800112"
        }
      ],
      "segmentTime": "2018-08-05T05:59:00",
      "country": "United States",
      "region": "North America",
      "city": "Dallas",
      "locationName": "WESTIN DALLAS PARK CENTRAL",
      "segmentType": "hotel",
      "riskRating": 2,
      "riskRatingLabel": "Low",
      "riskRatingColor": "#009844",
      "travelStatus": "At Location"
    },
    {
      "id": "67HP2X-",
      "fullName": "Charles Williamson",
      "firstName": "Charles",
      "lastName": "Williamson",
      "email": [
        {
          "isPrimary": true,
          "type": "unknown",
          "email": "sampleactivtravelalerts@nc4.com"
        }
      ],
      "phone": [
        {
          "isPrimary": true,
          "type": "unknown",
          "number": "1-4083389745"
        }
      ],
      "segmentTime": "2018-08-11T15:59:00",
      "country": "China",
      "region": "Asia",
      "city": "Shenzhen",
      "locationName": "SHERATON SHENZHEN FUTIAN HOTEL",
      "segmentType": "hotel",
      "riskRating": 3,
      "riskRatingLabel": "Moderate",
      "riskRatingColor": "#E1E400",
      "travelStatus": "At Location"
    },
    {
      "id": "QVWCIJ-",
      "fullName": "Esther Underwood",
      "firstName": "Esther",
      "lastName": "Underwood",
      "email": [
        {
          "isPrimary": true,
          "type": "unknown",
          "email": "sampleactivtravelalerts@nc4.com"
        }
      ],
      "phone": [
        {
          "isPrimary": true,
          "type": "unknown",
          "number": "63-9173292058"
        }
      ],
      "segmentTime": "2018-08-12T05:59:00",
      "country": "United States",
      "region": "North America",
      "city": "Dallas",
      "locationName": "WESTIN DALLAS PARK CENTRAL",
      "segmentType": "hotel",
      "riskRating": 2,
      "riskRatingLabel": "Low",
      "riskRatingColor": "#009844",
      "travelStatus": "At Location"
    },
    {
      "id": "V4VWGS-",
      "fullName": "Audrey Abbott",
      "firstName": "Audrey",
      "lastName": "Abbott",
      "email": [
        {
          "isPrimary": true,
          "type": "unknown",
          "email": "sampleactivtravelalerts@nc4.com"
        }
      ],
      "phone": [
        {
          "isPrimary": true,
          "type": "unknown",
          "number": "1-4087020311"
        }
      ],
      "segmentTime": "2018-08-13T14:59:00",
      "country": "Japan",
      "region": "Asia",
      "city": "Tokyo",
      "locationName": "HILTON TOKYO",
      "segmentType": "hotel",
      "riskRating": 2,
      "riskRatingLabel": "Low",
      "riskRatingColor": "#009844",
      "travelStatus": "At Location"
    },
    {
      "id": "784XXR-",
      "fullName": "Jeanne Ruiz",
      "firstName": "Jeanne",
      "lastName": "Ruiz",
      "email": [
        {
          "isPrimary": true,
          "type": "unknown",
          "email": "sampleactivtravelalerts@nc4.com"
        }
      ],
      "phone": [
        {
          "isPrimary": true,
          "type": "unknown",
          "number": "32-0478241332"
        }
      ],
      "segmentTime": "2018-08-11T23:59:00",
      "country": "Morocco",
      "region": "Africa",
      "city": "Marrakech",
      "locationName": "MOVENPICK MANSOUR EDDAHBI MARRAKECH",
      "segmentType": "hotel",
      "riskRating": 3,
      "riskRatingLabel": "Moderate",
      "riskRatingColor": "#E1E400",
      "travelStatus": "At Location"
    },
    {
      "id": "JEGZML-",
      "fullName": "Tina Wolfe",
      "firstName": "Tina",
      "lastName": "Wolfe",
      "email": [
        {
          "isPrimary": true,
          "type": "unknown",
          "email": "sampleactivtravelalerts@nc4.com"
        }
      ],
      "phone": [],
      "segmentTime": "2018-08-14T07:25:00",
      "country": "United Kingdom",
      "region": "Europe",
      "city": "London",
      "locationName": "London Heathrow",
      "segmentType": "air",
      "riskRating": 2,
      "flightNumber": "880",
      "airlineCode": "UA",
      "airlineName": "UNITED AIRLINES",
      "riskRatingLabel": "Low",
      "riskRatingColor": "#009844",
      "travelStatus": "Enroute"
    },
    {
      "id": "9FGPQH-",
      "fullName": "Floyd Arnold",
      "firstName": "Floyd",
      "lastName": "Arnold",
      "email": [
        {
          "isPrimary": true,
          "type": "unknown",
          "email": "sampleactivtravelalerts@nc4.com"
        }
      ],
      "phone": [],
      "segmentTime": "2018-08-06T05:59:00",
      "country": "United States",
      "region": "North America",
      "city": "San Antonio",
      "locationName": "HOMEWOOD SUITES SAN ANTONIO NW",
      "segmentType": "hotel",
      "riskRating": 2,
      "riskRatingLabel": "Low",
      "riskRatingColor": "#009844",
      "travelStatus": "At Location"
    },
    {
      "id": "2EDCQP-",
      "fullName": "Anne Lee",
      "firstName": "Anne",
      "lastName": "Lee",
      "email": [
        {
          "isPrimary": true,
          "type": "unknown",
          "email": "sampleactivtravelalerts@nc4.com"
        }
      ],
      "phone": [
        {
          "isPrimary": true,
          "type": "unknown",
          "number": "919886978215"
        }
      ],
      "segmentTime": "2018-08-12T05:59:00",
      "country": "United States",
      "region": "North America",
      "city": "Dallas",
      "locationName": "EMBASSY STES DALLAS PARK CNTL",
      "segmentType": "hotel",
      "riskRating": 2,
      "riskRatingLabel": "Low",
      "riskRatingColor": "#009844",
      "travelStatus": "At Location"
    },
    {
      "id": "4OSTOI-",
      "fullName": "Jorge Rogers",
      "firstName": "Jorge",
      "lastName": "Rogers",
      "email": [
        {
          "isPrimary": true,
          "type": "unknown",
          "email": "sampleactivtravelalerts@nc4.com"
        }
      ],
      "phone": [
        {
          "isPrimary": true,
          "type": "unknown",
          "number": "1-616-307-1350"
        }
      ],
      "segmentTime": "2018-08-13T14:59:00",
      "country": "Japan",
      "region": "Asia",
      "city": "Tokyo",
      "locationName": "THE PRINCE SAKURA TOWER TOKYO",
      "segmentType": "hotel",
      "riskRating": 2,
      "riskRatingLabel": "Low",
      "riskRatingColor": "#009844",
      "travelStatus": "At Location"
    },
    {
      "id": "AWJBAF-",
      "fullName": "Joel Vaughn",
      "firstName": "Joel",
      "lastName": "Vaughn",
      "email": [
        {
          "isPrimary": true,
          "type": "unknown",
          "email": "sampleactivtravelalerts@nc4.com"
        }
      ],
      "phone": [],
      "segmentTime": "2018-08-13T07:59:00",
      "country": "United States",
      "region": "North America",
      "city": "Sunnyvale",
      "locationName": "COUNTRY INN",
      "segmentType": "hotel",
      "riskRating": 2,
      "riskRatingLabel": "Low",
      "riskRatingColor": "#009844",
      "travelStatus": "At Location"
    },
    {
      "id": "6PX1GJ-",
      "fullName": "Leslie Olson",
      "firstName": "Leslie",
      "lastName": "Olson",
      "email": [
        {
          "isPrimary": true,
          "type": "unknown",
          "email": "sampleactivtravelalerts@nc4.com"
        }
      ],
      "phone": [
        {
          "isPrimary": true,
          "type": "unknown",
          "number": "9448242158"
        }
      ],
      "segmentTime": "2018-08-12T05:59:00",
      "country": "United States",
      "region": "North America",
      "city": "Dallas",
      "locationName": "EMBASSY STES DALLAS PARK CNTL",
      "segmentType": "hotel",
      "riskRating": 2,
      "riskRatingLabel": "Low",
      "riskRatingColor": "#009844",
      "travelStatus": "At Location"
    },
    {
      "id": "ORBGBM-",
      "fullName": "Terry Williamson",
      "firstName": "Terry",
      "lastName": "Williamson",
      "email": [
        {
          "isPrimary": true,
          "type": "unknown",
          "email": "sampleactivtravelalerts@nc4.com"
        }
      ],
      "phone": [
        {
          "isPrimary": true,
          "type": "unknown",
          "number": "1-9088424561"
        }
      ],
      "segmentTime": "2018-08-13T15:59:00",
      "country": "China",
      "region": "Asia",
      "city": "Beijing",
      "locationName": "CROWNE PLAZA ZHONGGUANCUN",
      "segmentType": "hotel",
      "riskRating": 3,
      "riskRatingLabel": "Moderate",
      "riskRatingColor": "#E1E400",
      "travelStatus": "At Location"
    },
    {
      "id": "3Y8UV0-",
      "fullName": "Hazel Luna",
      "firstName": "Hazel",
      "lastName": "Luna",
      "email": [
        {
          "isPrimary": true,
          "type": "unknown",
          "email": "sampleactivtravelalerts@nc4.com"
        }
      ],
      "phone": [
        {
          "isPrimary": true,
          "type": "unknown",
          "number": "1-616-822-0141"
        }
      ],
      "segmentTime": "2018-08-14T08:10:00",
      "country": "Germany",
      "region": "Europe",
      "city": "Munich",
      "locationName": "Munich",
      "segmentType": "air",
      "riskRating": 2,
      "flightNumber": "130",
      "airlineCode": "DL",
      "airlineName": "DELTA AIRLINES",
      "riskRatingLabel": "Low",
      "riskRatingColor": "#009844",
      "travelStatus": "Enroute"
    },
    {
      "id": "BA9VC1-",
      "fullName": "Eddie Carlson",
      "firstName": "Eddie",
      "lastName": "Carlson",
      "email": [
        {
          "isPrimary": true,
          "type": "unknown",
          "email": "sampleactivtravelalerts@nc4.com"
        }
      ],
      "phone": [
        {
          "isPrimary": true,
          "type": "unknown",
          "number": "9886982850"
        }
      ],
      "segmentTime": "2018-08-11T05:59:00",
      "country": "United States",
      "region": "North America",
      "city": "Dallas",
      "locationName": "RESIDENCE INN MARRIOTT PARK CE",
      "segmentType": "hotel",
      "riskRating": 2,
      "riskRatingLabel": "Low",
      "riskRatingColor": "#009844",
      "travelStatus": "At Location"
    },
    {
      "id": "4V6HNF-",
      "fullName": "Andre Griffith",
      "firstName": "Andre",
      "lastName": "Griffith",
      "email": [
        {
          "isPrimary": true,
          "type": "unknown",
          "email": "sampleactivtravelalerts@nc4.com"
        }
      ],
      "phone": [
        {
          "isPrimary": true,
          "type": "unknown",
          "number": "61-0437278536"
        }
      ],
      "segmentTime": "2018-08-11T14:29:00",
      "country": "Australia",
      "region": "Oceania",
      "city": "Darwin",
      "locationName": "ADINA DARWIN WATERFRONT",
      "segmentType": "hotel",
      "riskRating": 2,
      "riskRatingLabel": "Low",
      "riskRatingColor": "#009844",
      "travelStatus": "At Location"
    },
    {
      "id": "C0VZRT-",
      "fullName": "Danielle Green",
      "firstName": "Danielle",
      "lastName": "Green",
      "email": [
        {
          "isPrimary": true,
          "type": "unknown",
          "email": "sampleactivtravelalerts@nc4.com"
        }
      ],
      "phone": [
        {
          "isPrimary": true,
          "type": "unknown",
          "number": "64-297703242"
        }
      ],
      "segmentTime": "2018-08-11T15:59:00",
      "country": "Hong Kong-China",
      "region": "Asia",
      "city": "Yau Tsim Mong",
      "locationName": "ROYAL PLAZA HOTEL",
      "segmentType": "hotel",
      "riskRating": 2,
      "riskRatingLabel": "Low",
      "riskRatingColor": "#009844",
      "travelStatus": "At Location"
    },
    {
      "id": "PYLO7G-",
      "fullName": "Harvey Summers",
      "firstName": "Harvey",
      "lastName": "Summers",
      "email": [
        {
          "isPrimary": true,
          "type": "unknown",
          "email": "sampleactivtravelalerts@nc4.com"
        }
      ],
      "phone": [
        {
          "isPrimary": true,
          "type": "unknown",
          "number": "1-2104781816"
        }
      ],
      "segmentTime": "2018-08-13T06:59:00",
      "country": "United States",
      "region": "North America",
      "city": "Phoenix",
      "locationName": "HOMEWOOD STE PHOENIX HAPPY VLY",
      "segmentType": "hotel",
      "riskRating": 2,
      "riskRatingLabel": "Low",
      "riskRatingColor": "#009844",
      "travelStatus": "At Location"
    },
    {
      "id": "4B415J-",
      "fullName": "Jamie Mckenzie",
      "firstName": "Jamie",
      "lastName": "Mckenzie",
      "email": [
        {
          "isPrimary": true,
          "type": "unknown",
          "email": "sampleactivtravelalerts@nc4.com"
        }
      ],
      "phone": [],
      "segmentTime": "2018-08-11T04:59:00",
      "country": "United States",
      "region": "North America",
      "city": "Grand Rapids",
      "locationName": "JW MARRIOTT GRAND RAPIDS",
      "segmentType": "hotel",
      "riskRating": 2,
      "riskRatingLabel": "Low",
      "riskRatingColor": "#009844",
      "travelStatus": "At Location"
    },
    {
      "id": "3W7VJE-",
      "fullName": "Harry Henry",
      "firstName": "Harry",
      "lastName": "Henry",
      "email": [
        {
          "isPrimary": true,
          "type": "unknown",
          "email": "sampleactivtravelalerts@nc4.com"
        }
      ],
      "phone": [
        {
          "isPrimary": true,
          "type": "unknown",
          "number": "1-8175217940"
        }
      ],
      "segmentTime": "2018-08-12T17:39:00",
      "country": "United States",
      "region": "North America",
      "city": "Fort Worth",
      "locationName": "Enterprise",
      "segmentType": "vehicle",
      "riskRating": 2,
      "riskRatingLabel": "Low",
      "riskRatingColor": "#009844",
      "travelStatus": "At Location"
    },
    {
      "id": "7XMZK6-",
      "fullName": "Franklin Patterson",
      "firstName": "Franklin",
      "lastName": "Patterson",
      "email": [
        {
          "isPrimary": true,
          "type": "unknown",
          "email": "sampleactivtravelalerts@nc4.com"
        }
      ],
      "phone": [
        {
          "isPrimary": true,
          "type": "unknown",
          "number": "49-15116300549"
        }
      ],
      "segmentTime": "2018-08-10T20:15:00",
      "country": "United States",
      "region": "North America",
      "city": "Fort Worth",
      "locationName": "AVIS",
      "segmentType": "vehicle",
      "riskRating": 2,
      "riskRatingLabel": "Low",
      "riskRatingColor": "#009844",
      "travelStatus": "At Location"
    },
    {
      "id": "O6X0CM-",
      "fullName": "Zachary Mack",
      "firstName": "Zachary",
      "lastName": "Mack",
      "email": [
        {
          "isPrimary": true,
          "type": "unknown",
          "email": "sampleactivtravelalerts@nc4.com"
        }
      ],
      "phone": [],
      "segmentTime": "2018-08-11T17:45:00",
      "country": "United States",
      "region": "North America",
      "city": "Phoenix",
      "locationName": "Budget",
      "segmentType": "vehicle",
      "riskRating": 2,
      "riskRatingLabel": "Low",
      "riskRatingColor": "#009844",
      "travelStatus": "At Location"
    },
    {
      "id": "BT798G-",
      "fullName": "Phyllis Rivera",
      "firstName": "Phyllis",
      "lastName": "Rivera",
      "email": [
        {
          "isPrimary": true,
          "type": "unknown",
          "email": "sampleactivtravelalerts@nc4.com"
        }
      ],
      "phone": [
        {
          "isPrimary": true,
          "type": "unknown",
          "number": "1-5022160004"
        }
      ],
      "segmentTime": "2018-08-11T19:40:00",
      "country": "United States",
      "region": "North America",
      "city": "Durango",
      "locationName": "National",
      "segmentType": "vehicle",
      "riskRating": 2,
      "riskRatingLabel": "Low",
      "riskRatingColor": "#009844",
      "travelStatus": "At Location"
    },
    {
      "id": "XKAY2F-",
      "fullName": "Brett Santiago",
      "firstName": "Brett",
      "lastName": "Santiago",
      "email": [
        {
          "isPrimary": true,
          "type": "unknown",
          "email": "sampleactivtravelalerts@nc4.com"
        }
      ],
      "phone": [
        {
          "isPrimary": true,
          "type": "unknown",
          "number": "49 1638062904"
        }
      ],
      "segmentTime": "2018-08-12T20:15:00",
      "country": "United States",
      "region": "North America",
      "city": "Fort Worth",
      "locationName": "AVIS",
      "segmentType": "vehicle",
      "riskRating": 2,
      "riskRatingLabel": "Low",
      "riskRatingColor": "#009844",
      "travelStatus": "At Location"
    },
    {
      "id": "SNJUN13A",
      "fullName": "Matthew Smith",
      "firstName": "Matthew",
      "lastName": "Smith",
      "email": [
        {
          "isPrimary": true,
          "type": "unknown",
          "email": "Matthew.Smith@supertao.com"
        }
      ],
      "phone": [],
      "segmentTime": "2018-08-09T05:00:00",
      "country": "United States",
      "region": "North America",
      "city": "Fort Worth",
      "locationName": "Hertz",
      "segmentType": "vehicle",
      "riskRating": 2,
      "riskRatingLabel": "Low",
      "riskRatingColor": "#009844",
      "travelStatus": "At Location"
    },
    {
      "id": "SNJUN13D",
      "fullName": "Mark Steward",
      "firstName": "Mark",
      "lastName": "Steward",
      "email": [
        {
          "isPrimary": true,
          "type": "unknown",
          "email": "msteward@supertao.com"
        }
      ],
      "phone": [],
      "segmentTime": "2018-08-09T05:00:00",
      "country": "United States",
      "region": "North America",
      "city": "Fort Worth",
      "locationName": "Hertz",
      "segmentType": "vehicle",
      "riskRating": 2,
      "riskRatingLabel": "Low",
      "riskRatingColor": "#009844",
      "travelStatus": "At Location"
    },
    {
      "id": "TWATIC-",
      "fullName": "Eugene Wagner",
      "firstName": "Eugene",
      "lastName": "Wagner",
      "email": [
        {
          "isPrimary": true,
          "type": "unknown",
          "email": "sampleactivtravelalerts@nc4.com"
        }
      ],
      "phone": [
        {
          "isPrimary": true,
          "type": "unknown",
          "number": "61-0437313782"
        }
      ],
      "segmentTime": "2018-08-14T07:35:00",
      "country": "Australia",
      "region": "Oceania",
      "city": "Perth",
      "locationName": "Perth",
      "segmentType": "air",
      "riskRating": 2,
      "flightNumber": "718",
      "airlineCode": "QF",
      "airlineName": "QANTAS",
      "riskRatingLabel": "Low",
      "riskRatingColor": "#009844",
      "travelStatus": "At Location"
    },
    {
      "id": "BLPB6I-",
      "fullName": "Russell Wilkins",
      "firstName": "Russell",
      "lastName": "Wilkins",
      "email": [
        {
          "isPrimary": true,
          "type": "unknown",
          "email": "sampleactivtravelalerts@nc4.com"
        }
      ],
      "phone": [
        {
          "isPrimary": true,
          "type": "unknown",
          "number": "1-5139190606"
        }
      ],
      "segmentTime": "2018-08-12T02:48:00",
      "country": "United States",
      "region": "North America",
      "city": "Durango",
      "locationName": "National",
      "segmentType": "vehicle",
      "riskRating": 2,
      "riskRatingLabel": "Low",
      "riskRatingColor": "#009844",
      "travelStatus": "At Location"
    },
    {
      "id": "0MASVL-",
      "fullName": "Stella Mills",
      "firstName": "Stella",
      "lastName": "Mills",
      "email": [
        {
          "isPrimary": true,
          "type": "unknown",
          "email": "sampleactivtravelalerts@nc4.com"
        }
      ],
      "phone": [
        {
          "isPrimary": true,
          "type": "unknown",
          "number": "506-88182765"
        }
      ],
      "segmentTime": "2018-08-11T04:30:00",
      "country": "United States",
      "region": "North America",
      "city": "Grand Rapids",
      "locationName": "AVIS",
      "segmentType": "vehicle",
      "riskRating": 2,
      "riskRatingLabel": "Low",
      "riskRatingColor": "#009844",
      "travelStatus": "At Location"
    },
    {
      "id": "cathy test 0814",
      "fullName": "cindy yan",
      "firstName": "cindy",
      "lastName": "yan",
      "email": [],
      "phone": [],
      "segmentTime": "2018-08-15T04:59:00",
      "country": "United States",
      "region": "North America",
      "city": "Fort Worth",
      "locationName": "Dallas Intl",
      "segmentType": "air",
      "riskRating": 2,
      "flightNumber": "0720",
      "airlineCode": "VX",
      "airlineName": "ACES COLOMBIA",
      "riskRatingLabel": "Low",
      "riskRatingColor": "#009844",
      "travelStatus": "Enroute"
    },
    {
      "id": "cathy test 0814-1",
      "fullName": "cindy yan",
      "firstName": "cindy",
      "lastName": "yan",
      "email": [
        {
          "isPrimary": true,
          "type": "unknown",
          "email": "cindy.yan@canviz.com"
        }
      ],
      "phone": [],
      "segmentTime": "2018-08-15T01:59:00",
      "country": "United States",
      "region": "North America",
      "city": "Fort Worth",
      "locationName": "Dallas Intl",
      "segmentType": "air",
      "riskRating": 2,
      "flightNumber": "0720",
      "airlineCode": "VX",
      "airlineName": "ACES COLOMBIA",
      "riskRatingLabel": "Low",
      "riskRatingColor": "#009844",
      "travelStatus": "Enroute"
    },
    {
      "id": "cathy test 0814-3",
      "fullName": "cindy yan",
      "firstName": "cindy",
      "lastName": "yan",
      "email": [
        {
          "isPrimary": true,
          "type": "unknown",
          "email": "cindy.yan@canviz.com"
        }
      ],
      "phone": [],
      "segmentTime": "2018-08-13T20:00:00",
      "country": "United States",
      "region": "North America",
      "city": "Fort Worth",
      "locationName": "Dallas Intl",
      "segmentType": "air",
      "riskRating": 2,
      "flightNumber": "0720",
      "airlineCode": "VX",
      "airlineName": "ACES COLOMBIA",
      "riskRatingLabel": "Low",
      "riskRatingColor": "#009844",
      "travelStatus": "At Location"
    }
  ]
}
