{
  "MetaData": {
    "ResourcesUsed": 8
  },
  "Result": [
    {
      "region": "Asia",
      "countries": [
        {
          "country": "China",
          "riskRating": 3,
          "travelDays": 43
        },
        {
          "country": "Philippines",
          "riskRating": 4,
          "travelDays": 32
        },
        {
          "country": "Hong Kong",
          "riskRating": 2,
          "travelDays": 13
        },
        {
          "country": "Malaysia",
          "riskRating": 3,
          "travelDays": 2
        },
        {
          "country": "Singapore",
          "riskRating": 2,
          "travelDays": 40
        },
        {
          "country": "Japan",
          "riskRating": 2,
          "travelDays": 46
        },
        {
          "country": "Taiwan",
          "riskRating": 2,
          "travelDays": 15
        },
        {
          "country": "India",
          "riskRating": 4,
          "travelDays": 31
        },
        {
          "country": "South Korea",
          "riskRating": 2,
          "travelDays": 10
        },
        {
          "country": "United States",
          "riskRating": 2,
          "travelDays": 7
        },
        {
          "country": "Hong Kong SAR",
          "riskRating": 2,
          "travelDays": 4
        },
        {
          "country": "Australia",
          "riskRating": 2,
          "travelDays": 4
        },
        {
          "country": "Viet Nam",
          "riskRating": 3,
          "travelDays": 4
        },
        {
          "country": "Vietnam",
          "riskRating": 3,
          "travelDays": 1
        },
        {
          "country": "Hong Kong-China",
          "riskRating": 2,
          "travelDays": 11
        },
        {
          "country": "New Zealand",
          "riskRating": 2,
          "travelDays": 2
        }
      ],
      "travelDays": 265
    },
    {
      "region": "North America",
      "countries": [
        {
          "country": "United States",
          "riskRating": 2,
          "travelDays": 750
        },
        {
          "country": "Canada",
          "riskRating": 2,
          "travelDays": 29
        },
        {
          "country": "India",
          "riskRating": 4,
          "travelDays": 6
        },
        {
          "country": "Philippines",
          "riskRating": 4,
          "travelDays": 1
        },
        {
          "country": "Australia",
          "riskRating": 2,
          "travelDays": 2
        },
        {
          "country": "United Kingdom",
          "riskRating": 2,
          "travelDays": 3
        },
        {
          "country": "Germany",
          "riskRating": 2,
          "travelDays": 5
        },
        {
          "country": "Costa Rica",
          "riskRating": 2,
          "travelDays": 3
        },
        {
          "country": "Israel",
          "riskRating": 3,
          "travelDays": 1
        },
        {
          "country": "Japan",
          "riskRating": 2,
          "travelDays": 2
        }
      ],
      "travelDays": 802
    },
    {
      "region": "Europe",
      "countries": [
        {
          "country": "United Kingdom",
          "riskRating": 2,
          "travelDays": 53
        },
        {
          "country": "Sweden",
          "riskRating": 2,
          "travelDays": 2
        },
        {
          "country": "Spain",
          "riskRating": 2,
          "travelDays": 13
        },
        {
          "country": "France",
          "riskRating": 2,
          "travelDays": 87
        },
        {
          "country": "Australia",
          "riskRating": 2,
          "travelDays": 17
        },
        {
          "country": "Germany",
          "riskRating": 2,
          "travelDays": 85
        },
        {
          "country": "Bulgaria",
          "riskRating": 3,
          "travelDays": 4
        },
        {
          "country": "United Arab Emirates",
          "riskRating": 2,
          "travelDays": 1
        },
        {
          "country": "Belgium",
          "riskRating": 2,
          "travelDays": 2
        },
        {
          "country": "Luxembourg",
          "riskRating": 1,
          "travelDays": 5
        },
        {
          "country": "United States",
          "riskRating": 2,
          "travelDays": 9
        },
        {
          "country": "Italy",
          "riskRating": 2,
          "travelDays": 12
        },
        {
          "country": "Ukraine",
          "riskRating": 4,
          "travelDays": 6
        },
        {
          "country": "Netherlands",
          "riskRating": 2,
          "travelDays": 7
        },
        {
          "country": "Greece",
          "riskRating": 3,
          "travelDays": 4
        },
        {
          "country": "Norway",
          "riskRating": 2,
          "travelDays": 5
        },
        {
          "country": "Poland",
          "riskRating": 2,
          "travelDays": 10
        }
      ],
      "travelDays": 322
    },
    {
      "region": "Oceania",
      "countries": [
        {
          "country": "Australia",
          "riskRating": 2,
          "travelDays": 396
        },
        {
          "country": "New Zealand",
          "riskRating": 2,
          "travelDays": 1
        },
        {
          "country": "United States",
          "riskRating": 2,
          "travelDays": 2
        },
        {
          "country": "United Kingdom",
          "riskRating": 2,
          "travelDays": 1
        },
        {
          "country": "Singapore",
          "riskRating": 2,
          "travelDays": 2
        }
      ],
      "travelDays": 402
    },
    {
      "region": "Africa",
      "countries": [
        {
          "country": "Nigeria",
          "riskRating": 4,
          "travelDays": 2
        },
        {
          "country": "South Africa",
          "riskRating": 4,
          "travelDays": 1
        },
        {
          "country": "Morocco",
          "riskRating": 3,
          "travelDays": 12
        },
        {
          "country": "Malawi",
          "riskRating": 3,
          "travelDays": 1
        }
      ],
      "travelDays": 16
    },
    {
      "region": "South America",
      "countries": [
        {
          "country": "Peru",
          "riskRating": 3,
          "travelDays": 3
        },
        {
          "country": "Argentina",
          "riskRating": 3,
          "travelDays": 1
        },
        {
          "country": "Chile",
          "riskRating": 2,
          "travelDays": 1
        },
        {
          "country": "Brazil",
          "riskRating": 4,
          "travelDays": 10
        },
        {
          "country": "United States",
          "riskRating": 2,
          "travelDays": 1
        }
      ],
      "travelDays": 16
    },
    {
      "region": "Middle East",
      "countries": [
        {
          "country": "Qatar",
          "riskRating": 2,
          "travelDays": 6
        },
        {
          "country": "Afghanistan",
          "riskRating": 5,
          "travelDays": 5
        },
        {
          "country": "United Arab Emirates",
          "riskRating": 2,
          "travelDays": 50
        },
        {
          "country": "Israel",
          "riskRating": 3,
          "travelDays": 2
        }
      ],
      "travelDays": 63
    },
    {
      "region": "Central America",
      "countries": [
        {
          "country": "Costa Rica",
          "riskRating": 2,
          "travelDays": 4
        },
        {
          "country": "Mexico",
          "riskRating": 4,
          "travelDays": 2
        }
      ],
      "travelDays": 6
    }
  ]
}
