[
  {
    "maxlevel": 3,
    "agreedtotermsofuse": 1,
    "tsadminorgs": [],
    "isnc4": 1,
    "emailaddress": "booth.chen@canviz.com;randy.wang@canviz.com;alex.chen@canviz.com",
    "transecurorgid": "1001",
    "isnimc": 1,
    "nc4loginid": "NC4 Analyst 1",
    "organizationid": "BBDFD24607F1174834DFF6FFBABED19C",
    "orgfeatures": "",
    "orgname": "NC4",
    "issysadmin": 0,
    "transecurorgname": "Genzyme",
    "isunrestrictedauthor": 0,
    "usergroups": "46840995BDE3412A839F04E886B1EE92,NIMC",
    "usertz": "America/New_York",
    "fullname": "NC4 Analyst 1",
    "unitofmeasure": "km",
    "memberid": "c65afbe26fa1a3fe8c4ec6cdd5fb9eec"
  }
]