{
    "date":"35 minutes ago",
    "type":"Traveler",
    "category": "Traveler",
    "subcategory": "subcategory",
    "status":"Unconfirmed Arrival in Spain",
    "risk": "extreme",
    "description": "Lorem Ipsum is simply dummy text of the printing and typesetting industry. Lorem Ipsum has been the industry's standard dummy text ever since the 1500s, when an unknown printer took a galley of type and scrambled it to make a type specimen book. It has survived not only five centuries, but also the leap into electronic typesetting, remaining essentially unchanged. It was popularised in the 1960s with the release of Letraset sheets containing Lorem Ipsum passages, and more recently with desktop publishing software like Aldus PageMaker including versions of Lorem Ipsum.", 
    "id": "1", 
    "images": [
 
    ], 
    "name": "Marissa Mayer",
    "intelligence": [
    {"date":"15 minutest ago","text": "This is sample test to display in place of real content for development"},
    {"date":"15 minutest ago","text": "This is sample test to display in place of real content for development"}
    ],
    "itinerary":[
            {
            "departure_date": "Tuesday, September 15, 2015",
            "departure_location": "San Diego , CA (SAN)",
            "Airline": "United Airlines",
            "checkin_time": "08:30 AM PST",
            "departure_time": "10:30 AM PST",
            "desitination": "Spain",
            "flight_number":"UA5532",
            "gate": "23",
            "arrival_time":"1:15 PM PST"
        },
        {
            "departure_date": "Tuesday, September 15, 2015",
            "departure_location": "San Diego , CA (SAN)",
            "Airline": "United Airlines",
            "checkin_time": "08:30 AM PST",
            "departure_time": "10:30 AM PST",
            "desitination": "Spain",
            "flight_number":"UA5532",
            "gate": "23",
            "arrival_time":"1:15 PM PST"
        }
    ],
    "detail":{
        "job_title": "Marketing director",
        "Company": "Big Marketing",
        "hire_date": "May 2009",
        "phone_office":"16195555553",
        "phone_cell":"16195551234",
        "email":"marissa.mayer@example.com",
        "active_point":"true"
    },
    "related":{
        "assets":[
            {"id":1,"type":"traveler"},
            {"id":2, "type":"location"}
        ],
        "content": [
            {"id":3, "type": "intelligence"},
            {"id":3, "type": "analysis"},
            {"id":4, "type": "analysis"}
        ]
    }
}