{
    "date":"35 minutes ago",
    "type":"Location",
    "category": "Location",
    "subcategory": "subcategory",
    "status":"123 Main St, San Diego CA, 92109",
    "risk": "low",
    "description": "Lorem Ipsum is simply dummy text of the printing and typesetting industry. Lorem Ipsum has been the industry's standard dummy text ever since the 1500s, when an unknown printer took a galley of type and scrambled it to make a type specimen book. It has survived not only five centuries, but also the leap into electronic typesetting, remaining essentially unchanged. It was popularised in the 1960s with the release of Letraset sheets containing Lorem Ipsum passages, and more recently with desktop publishing software like Aldus PageMaker including versions of Lorem Ipsum.", 
    "id": "2", 
    "images": [
        {"src": "/assets/img/california-wild-fire.png", "caption": "This is a caption"}
    ], 
    "name": "Safe House",
    "intelligence": [
    {"date":"15 minutest ago","text": "This is sample test to display in place of real content for development"},
    {"date":"15 minutest ago","text": "This is sample test to display in place of real content for development"}
    ],
    "detail":{
        "Name": "Headquarters",
        "Type": "Building",
        "Region": "North America",
        "Contact":"John Doe",
        "Office":"16195551234",
        "Cell":"16195551234",
        "Email":"marissa.mayer@example.com",
        "Last Update":"2 months ago"
    },
    "related":{
        "assets":[
            {"id":1,"type":"Location"},
            {"id":2, "type":"location"}
        ],
        "content": [
            {"id":3, "type": "intelligence"},
            {"id":3, "type": "analysis"},
            {"id":4, "type": "analysis"}
        ]
    }
}