{
    "date":"January 24, 2016",
    "type":"Analysis",
    "category": "Analysis",
    "subcategory": "subcategory",
    "status":"By Author",
    "risk": "low",
    "description": "Lorem Ipsum is simply dummy text of the printing and typesetting industry. Lorem Ipsum has been the industry's standard dummy text ever since the 1500s, when an unknown printer took a galley of type and scrambled it to make a type specimen book. It has survived not only five centuries, but also the leap into electronic typesetting, remaining email@email.com essentially unchanged. It was popularised in <img title=\"This is an inline image caption\" src=\"/assets/img/sampleimage.png\" /> the 1960s with the release of Letraset sheets containing Lorem Ipsum passages, and more recently with desktop publishing software like Aldus PageMaker including versions of Lorem Ipsum.", 
    "id": "4", 
    "author": "By Author",
    "name": "Analytical Brief",
    "intelligence": [
    {"date":"15 minutest ago","text": "This is sample test to display in place of real content for development"},
    {"date":"15 minutest ago","text": "This is sample test to display in place of real content for development"}
    ],
    "related":{
        "assets":[
            {"id":1,"type":"Traveler"},
            {"id":2, "type":"Location"}
        ],
        "content": [
            {"id":3, "type": "Intelligence"},
            {"id":3, "type": "Intelligence"},
            {"id":4, "type": "analysis"},
            {"id":4, "type": "analysis"}
        ]
    }
}