{
    "type": "activpoint",
    "title": "ActivPoint",
    "id": "activpoint",
    "total": 150,
    "alerts":{
        "extreme": 10,
        "severe": 20,
        "moderate": 10,
        "minor": 15
    },
    "charts":{
        "pie":{
        "title": "Chart Headline",
        "description": "Legend",
        "data":[
               {"label":"label 1","value":20},
               {"label":"label 2","value":60},
               {"label":"label 3","value":20}
           ]
        },
        "regionmap":{
            "title": "Map Headline",
            "description": "Legend",
            "data":[
                   {"label":"namerica","value":150},
                   {"label":"samerica","value":3},
                   {"label":"africa","value":500},
                   {"label":"europe","value":200},
                   {"label":"asia","value":20},
                   {"label":"australia","value":2}
               ]
        }
    }
}