{
    "type": "location",
    "title": "Facilities",
    "id": "facility",
    "total": 150,
    "alerts":{
        "extreme": 10,
        "severe": 20,
        "moderate": 10,
        "minor": 15
    },
    "charts":{
        "pie":{
        "title": "Chart Headline",
        "description": "Legend",
        "data":[
               {"label":"label 1","value":20},
               {"label":"label 2","value":70},
               {"label":"label 3","value":10}
           ]
        },
        "regionmap":{
            "title": "Map Headline",
            "description": "Legend",
            "data":[
                   {"label":"namerica","value":2},
                   {"label":"samerica","value":5},
                   {"label":"africa","value":2},
                   {"label":"europe","value":2},
                   {"label":"asia","value":5},
                   {"label":"australia","value":2}
               ]
        }
    }
}