{
    "type": "traveler",
    "title": "Travelers",
    "id": "traveler",
    "total": 150,
    "alerts":{
        "extreme": 10,
        "severe": 20,
        "moderate": 10,
        "minor": 15
    },
    "charts":{
        "pie":{
        "title": "Chart Headline",
        "description": "Legend",
        "data":[
               {"label":"label 1","value":25},
               {"label":"label 2","value":50},
               {"label":"label 3","value":25}
           ]
        },
        "regionmap":{
            "title": "Map Headline",
            "description": "Legend",
            "data":[
                   {"label":"namerica","value":25},
                   {"label":"samerica","value":50},
                   {"label":"africa","value":25},
                   {"label":"europe","value":25},
                   {"label":"asia","value":50},
                   {"label":"australia","value":25}
               ]
        }
    }
}
  