[
    {
    "title": "Facility Risk Pattern",
    "meta": "May, 2015",
    "media":{
            "type":"patter-chart",
            "data":""
        },
    "text":"This is sample text to display in template development"
    },
    {
    "title": "Facility Risk Levels",
    "meta": "May, 2015",
    "media":{
            "type":"donut-chart",
            "data":""
        },
    "text":"This is sample text to display in template development"
    },
    {
    "title": "Related Analysis",
    "meta": "May, 2015",
    "media":{
            "type":"image",
            "data":{
                "title":"",
                "src":""
            }
        },
    "text":"This is sample text to display in template development"
    }
]