[
    {
        "id": "UnitedStates",
        "name": "UnitedStates",
        "east": 7806942.729106404,
        "north": 449420.1344904341,
        "south": -18814515.890221417,
        "west": -3091724.9200779805
    },
    {
        "id": "Africa",
        "name": "Africa",
        "east": 670439.4439787429,
        "north": -6687083.150637228,
        "south": -14141314.527984247,
        "west": 1581476.442159191
    },
    {
        "id": "INDIA",
        "name": "INDIA",
        "east": 4359669.329758234,
        "north": 680908.0324502494,
        "south": 5351765.855651168,
        "west": 13213161.340722887
    },
    {
        "id": "Australia",
        "name": "Australia",
        "east": -1625802.038332068,
        "north": -5304563.335640053,
        "south": 52285763.81207834,
        "west": 60147159.29715006
    },
    {
        "id": "US_Region",
        "name": "US_Region",
        "west": "-9706809.583737695",
        "south": "-9829643.88819181",
        "east": "5174389.0502484655",
        "north": "5116908.40497809"
    }
]